customer_id,first_name,last_name,rental_id
1,MARY,SMITH,76
1,MARY,SMITH,573
1,MARY,SMITH,1185
1,MARY,SMITH,1422
1,MARY,SMITH,1476
1,MARY,SMITH,1725
1,MARY,SMITH,2308
1,MARY,SMITH,2363
1,MARY,SMITH,3284
1,MARY,SMITH,4526
1,MARY,SMITH,4611
1,MARY,SMITH,5244
1,MARY,SMITH,5326
1,MARY,SMITH,6163
1,MARY,SMITH,7273
1,MARY,SMITH,7841
1,MARY,SMITH,8033
1,MARY,SMITH,8074
1,MARY,SMITH,8116
1,MARY,SMITH,8326
1,MARY,SMITH,9571
1,MARY,SMITH,10437
1,MARY,SMITH,11299
1,MARY,SMITH,11367
1,MARY,SMITH,11824
1,MARY,SMITH,12250
1,MARY,SMITH,13068
1,MARY,SMITH,13176
1,MARY,SMITH,14762
1,MARY,SMITH,14825
1,MARY,SMITH,15298
1,MARY,SMITH,15315
2,PATRICIA,JOHNSON,320
2,PATRICIA,JOHNSON,2128
2,PATRICIA,JOHNSON,5636
2,PATRICIA,JOHNSON,5755
2,PATRICIA,JOHNSON,7346
2,PATRICIA,JOHNSON,7376
2,PATRICIA,JOHNSON,7459
2,PATRICIA,JOHNSON,8230
2,PATRICIA,JOHNSON,8598
2,PATRICIA,JOHNSON,8705
2,PATRICIA,JOHNSON,9031
2,PATRICIA,JOHNSON,9236
2,PATRICIA,JOHNSON,9248
2,PATRICIA,JOHNSON,9296
2,PATRICIA,JOHNSON,9465
2,PATRICIA,JOHNSON,10136
2,PATRICIA,JOHNSON,10466
2,PATRICIA,JOHNSON,10918
2,PATRICIA,JOHNSON,11087
2,PATRICIA,JOHNSON,11177
2,PATRICIA,JOHNSON,11256
2,PATRICIA,JOHNSON,11614
2,PATRICIA,JOHNSON,12963
2,PATRICIA,JOHNSON,14475
2,PATRICIA,JOHNSON,14743
2,PATRICIA,JOHNSON,15145
2,PATRICIA,JOHNSON,15907
3,LINDA,WILLIAMS,435
3,LINDA,WILLIAMS,830
3,LINDA,WILLIAMS,1546
3,LINDA,WILLIAMS,1726
3,LINDA,WILLIAMS,1911
3,LINDA,WILLIAMS,2628
3,LINDA,WILLIAMS,4180
3,LINDA,WILLIAMS,4725
3,LINDA,WILLIAMS,7096
3,LINDA,WILLIAMS,7503
3,LINDA,WILLIAMS,7703
3,LINDA,WILLIAMS,7724
3,LINDA,WILLIAMS,7911
3,LINDA,WILLIAMS,8086
3,LINDA,WILLIAMS,8545
3,LINDA,WILLIAMS,9226
3,LINDA,WILLIAMS,9443
3,LINDA,WILLIAMS,9595
3,LINDA,WILLIAMS,9816
3,LINDA,WILLIAMS,10597
3,LINDA,WILLIAMS,12556
3,LINDA,WILLIAMS,13403
3,LINDA,WILLIAMS,13610
3,LINDA,WILLIAMS,14699
3,LINDA,WILLIAMS,15038
3,LINDA,WILLIAMS,15619
4,BARBARA,JONES,1297
4,BARBARA,JONES,1633
4,BARBARA,JONES,1707
4,BARBARA,JONES,1735
4,BARBARA,JONES,2043
4,BARBARA,JONES,2642
4,BARBARA,JONES,7660
4,BARBARA,JONES,7718
4,BARBARA,JONES,8741
4,BARBARA,JONES,9100
4,BARBARA,JONES,9371
4,BARBARA,JONES,11069
4,BARBARA,JONES,11110
4,BARBARA,JONES,11529
4,BARBARA,JONES,12151
4,BARBARA,JONES,12294
4,BARBARA,JONES,12856
4,BARBARA,JONES,13704
4,BARBARA,JONES,13807
4,BARBARA,JONES,14225
4,BARBARA,JONES,15147
4,BARBARA,JONES,15635
5,ELIZABETH,BROWN,731
5,ELIZABETH,BROWN,1085
5,ELIZABETH,BROWN,1142
5,ELIZABETH,BROWN,1502
5,ELIZABETH,BROWN,1631
5,ELIZABETH,BROWN,2063
5,ELIZABETH,BROWN,2570
5,ELIZABETH,BROWN,3126
5,ELIZABETH,BROWN,3677
5,ELIZABETH,BROWN,4889
5,ELIZABETH,BROWN,5016
5,ELIZABETH,BROWN,5118
5,ELIZABETH,BROWN,5156
5,ELIZABETH,BROWN,5721
5,ELIZABETH,BROWN,6042
5,ELIZABETH,BROWN,6663
5,ELIZABETH,BROWN,6685
5,ELIZABETH,BROWN,7293
5,ELIZABETH,BROWN,7652
5,ELIZABETH,BROWN,7829
5,ELIZABETH,BROWN,8263
5,ELIZABETH,BROWN,8978
5,ELIZABETH,BROWN,9493
5,ELIZABETH,BROWN,9888
5,ELIZABETH,BROWN,10609
5,ELIZABETH,BROWN,10625
5,ELIZABETH,BROWN,11001
5,ELIZABETH,BROWN,11179
5,ELIZABETH,BROWN,11930
5,ELIZABETH,BROWN,12145
5,ELIZABETH,BROWN,12797
5,ELIZABETH,BROWN,13063
5,ELIZABETH,BROWN,13209
5,ELIZABETH,BROWN,13877
5,ELIZABETH,BROWN,14053
5,ELIZABETH,BROWN,14430
5,ELIZABETH,BROWN,14494
5,ELIZABETH,BROWN,15232
6,JENNIFER,DAVIS,57
6,JENNIFER,DAVIS,577
6,JENNIFER,DAVIS,916
6,JENNIFER,DAVIS,1575
6,JENNIFER,DAVIS,1841
6,JENNIFER,DAVIS,1966
6,JENNIFER,DAVIS,2345
6,JENNIFER,DAVIS,3983
6,JENNIFER,DAVIS,4278
6,JENNIFER,DAVIS,5553
6,JENNIFER,DAVIS,6211
6,JENNIFER,DAVIS,6248
6,JENNIFER,DAVIS,6686
6,JENNIFER,DAVIS,7099
6,JENNIFER,DAVIS,7136
6,JENNIFER,DAVIS,8101
6,JENNIFER,DAVIS,10271
6,JENNIFER,DAVIS,11023
6,JENNIFER,DAVIS,11398
6,JENNIFER,DAVIS,11591
6,JENNIFER,DAVIS,11727
6,JENNIFER,DAVIS,11853
6,JENNIFER,DAVIS,12254
6,JENNIFER,DAVIS,13451
6,JENNIFER,DAVIS,14329
6,JENNIFER,DAVIS,14377
6,JENNIFER,DAVIS,15509
6,JENNIFER,DAVIS,15603
7,MARIA,MILLER,46
7,MARIA,MILLER,117
7,MARIA,MILLER,748
7,MARIA,MILLER,975
7,MARIA,MILLER,1063
7,MARIA,MILLER,1810
7,MARIA,MILLER,2250
7,MARIA,MILLER,2709
7,MARIA,MILLER,2888
7,MARIA,MILLER,3007
7,MARIA,MILLER,3639
7,MARIA,MILLER,4238
7,MARIA,MILLER,4787
7,MARIA,MILLER,4856
7,MARIA,MILLER,5441
7,MARIA,MILLER,5921
7,MARIA,MILLER,6174
7,MARIA,MILLER,6295
7,MARIA,MILLER,6761
7,MARIA,MILLER,8422
7,MARIA,MILLER,9624
7,MARIA,MILLER,10330
7,MARIA,MILLER,10423
7,MARIA,MILLER,10514
7,MARIA,MILLER,10644
7,MARIA,MILLER,10989
7,MARIA,MILLER,11542
7,MARIA,MILLER,12367
7,MARIA,MILLER,12730
7,MARIA,MILLER,13373
7,MARIA,MILLER,13476
7,MARIA,MILLER,13594
7,MARIA,MILLER,14222
8,SUSAN,WILSON,866
8,SUSAN,WILSON,1305
8,SUSAN,WILSON,2095
8,SUSAN,WILSON,3114
8,SUSAN,WILSON,3475
8,SUSAN,WILSON,4003
8,SUSAN,WILSON,4175
8,SUSAN,WILSON,4409
8,SUSAN,WILSON,4503
8,SUSAN,WILSON,5300
8,SUSAN,WILSON,5341
8,SUSAN,WILSON,6375
8,SUSAN,WILSON,6647
8,SUSAN,WILSON,8809
8,SUSAN,WILSON,9629
8,SUSAN,WILSON,10141
8,SUSAN,WILSON,10561
8,SUSAN,WILSON,11232
8,SUSAN,WILSON,11284
8,SUSAN,WILSON,12613
8,SUSAN,WILSON,14114
8,SUSAN,WILSON,15374
8,SUSAN,WILSON,15764
8,SUSAN,WILSON,15805
9,MARGARET,MOORE,350
9,MARGARET,MOORE,877
9,MARGARET,MOORE,1075
9,MARGARET,MOORE,3142
9,MARGARET,MOORE,3262
9,MARGARET,MOORE,4454
9,MARGARET,MOORE,4748
9,MARGARET,MOORE,4796
9,MARGARET,MOORE,5659
9,MARGARET,MOORE,6019
9,MARGARET,MOORE,6165
9,MARGARET,MOORE,7616
9,MARGARET,MOORE,7801
9,MARGARET,MOORE,9043
9,MARGARET,MOORE,10451
9,MARGARET,MOORE,10454
9,MARGARET,MOORE,11400
9,MARGARET,MOORE,11556
9,MARGARET,MOORE,12228
9,MARGARET,MOORE,12309
9,MARGARET,MOORE,12652
9,MARGARET,MOORE,14489
9,MARGARET,MOORE,15813
10,DOROTHY,TAYLOR,1140
10,DOROTHY,TAYLOR,1801
10,DOROTHY,TAYLOR,1995
10,DOROTHY,TAYLOR,2222
10,DOROTHY,TAYLOR,2814
10,DOROTHY,TAYLOR,2865
10,DOROTHY,TAYLOR,3790
10,DOROTHY,TAYLOR,4042
10,DOROTHY,TAYLOR,4255
10,DOROTHY,TAYLOR,5038
10,DOROTHY,TAYLOR,5068
10,DOROTHY,TAYLOR,5444
10,DOROTHY,TAYLOR,5905
10,DOROTHY,TAYLOR,7738
10,DOROTHY,TAYLOR,8001
10,DOROTHY,TAYLOR,8188
10,DOROTHY,TAYLOR,9935
10,DOROTHY,TAYLOR,10671
10,DOROTHY,TAYLOR,11289
10,DOROTHY,TAYLOR,11405
10,DOROTHY,TAYLOR,12031
10,DOROTHY,TAYLOR,12400
10,DOROTHY,TAYLOR,13316
10,DOROTHY,TAYLOR,13917
10,DOROTHY,TAYLOR,15370
11,LISA,ANDERSON,987
11,LISA,ANDERSON,1470
11,LISA,ANDERSON,1939
11,LISA,ANDERSON,3192
11,LISA,ANDERSON,4608
11,LISA,ANDERSON,4943
11,LISA,ANDERSON,5835
11,LISA,ANDERSON,6146
11,LISA,ANDERSON,7314
11,LISA,ANDERSON,8014
11,LISA,ANDERSON,8100
11,LISA,ANDERSON,8447
11,LISA,ANDERSON,8715
11,LISA,ANDERSON,8950
11,LISA,ANDERSON,9292
11,LISA,ANDERSON,10812
11,LISA,ANDERSON,11166
11,LISA,ANDERSON,11502
11,LISA,ANDERSON,11646
11,LISA,ANDERSON,12015
11,LISA,ANDERSON,13572
11,LISA,ANDERSON,13790
11,LISA,ANDERSON,15120
11,LISA,ANDERSON,15240
12,NANCY,THOMAS,988
12,NANCY,THOMAS,1084
12,NANCY,THOMAS,1752
12,NANCY,THOMAS,2434
12,NANCY,THOMAS,2500
12,NANCY,THOMAS,2623
12,NANCY,THOMAS,3135
12,NANCY,THOMAS,3411
12,NANCY,THOMAS,3870
12,NANCY,THOMAS,5071
12,NANCY,THOMAS,5074
12,NANCY,THOMAS,5111
12,NANCY,THOMAS,5242
12,NANCY,THOMAS,6773
12,NANCY,THOMAS,7008
12,NANCY,THOMAS,7279
12,NANCY,THOMAS,8985
12,NANCY,THOMAS,9166
12,NANCY,THOMAS,9238
12,NANCY,THOMAS,9627
12,NANCY,THOMAS,9708
12,NANCY,THOMAS,10392
12,NANCY,THOMAS,11497
12,NANCY,THOMAS,12604
12,NANCY,THOMAS,13519
12,NANCY,THOMAS,13895
12,NANCY,THOMAS,14240
12,NANCY,THOMAS,15993
13,KAREN,JACKSON,1933
13,KAREN,JACKSON,2209
13,KAREN,JACKSON,2952
13,KAREN,JACKSON,3047
13,KAREN,JACKSON,3946
13,KAREN,JACKSON,6118
13,KAREN,JACKSON,6568
13,KAREN,JACKSON,6870
13,KAREN,JACKSON,6897
13,KAREN,JACKSON,7916
13,KAREN,JACKSON,8277
13,KAREN,JACKSON,8831
13,KAREN,JACKSON,9260
13,KAREN,JACKSON,9434
13,KAREN,JACKSON,9664
13,KAREN,JACKSON,9736
13,KAREN,JACKSON,10003
13,KAREN,JACKSON,11292
13,KAREN,JACKSON,11315
13,KAREN,JACKSON,11761
13,KAREN,JACKSON,12918
13,KAREN,JACKSON,13096
13,KAREN,JACKSON,13213
13,KAREN,JACKSON,13456
13,KAREN,JACKSON,14252
13,KAREN,JACKSON,14545
13,KAREN,JACKSON,15338
14,BETTY,WHITE,151
14,BETTY,WHITE,346
14,BETTY,WHITE,525
14,BETTY,WHITE,671
14,BETTY,WHITE,815
14,BETTY,WHITE,1360
14,BETTY,WHITE,3707
14,BETTY,WHITE,4952
14,BETTY,WHITE,5104
14,BETTY,WHITE,5317
14,BETTY,WHITE,5383
14,BETTY,WHITE,5565
14,BETTY,WHITE,8035
14,BETTY,WHITE,8042
14,BETTY,WHITE,8548
14,BETTY,WHITE,8836
14,BETTY,WHITE,9438
14,BETTY,WHITE,9592
14,BETTY,WHITE,10348
14,BETTY,WHITE,10526
14,BETTY,WHITE,11480
14,BETTY,WHITE,11528
14,BETTY,WHITE,12668
14,BETTY,WHITE,13757
14,BETTY,WHITE,13780
14,BETTY,WHITE,15015
14,BETTY,WHITE,15373
14,BETTY,WHITE,16045
15,HELEN,HARRIS,2486
15,HELEN,HARRIS,2937
15,HELEN,HARRIS,3182
15,HELEN,HARRIS,3550
15,HELEN,HARRIS,4127
15,HELEN,HARRIS,5717
15,HELEN,HARRIS,5975
15,HELEN,HARRIS,7105
15,HELEN,HARRIS,8193
15,HELEN,HARRIS,8615
15,HELEN,HARRIS,8927
15,HELEN,HARRIS,9987
15,HELEN,HARRIS,11118
15,HELEN,HARRIS,11141
15,HELEN,HARRIS,11307
15,HELEN,HARRIS,11341
15,HELEN,HARRIS,11922
15,HELEN,HARRIS,12272
15,HELEN,HARRIS,12551
15,HELEN,HARRIS,12635
15,HELEN,HARRIS,13339
15,HELEN,HARRIS,13393
15,HELEN,HARRIS,13503
15,HELEN,HARRIS,13541
15,HELEN,HARRIS,13677
15,HELEN,HARRIS,13798
15,HELEN,HARRIS,13968
15,HELEN,HARRIS,14569
15,HELEN,HARRIS,14776
15,HELEN,HARRIS,14872
15,HELEN,HARRIS,15178
15,HELEN,HARRIS,15897
16,SANDRA,MARTIN,335
16,SANDRA,MARTIN,593
16,SANDRA,MARTIN,887
16,SANDRA,MARTIN,1017
16,SANDRA,MARTIN,1934
16,SANDRA,MARTIN,1944
16,SANDRA,MARTIN,2960
16,SANDRA,MARTIN,3348
16,SANDRA,MARTIN,3548
16,SANDRA,MARTIN,4219
16,SANDRA,MARTIN,4263
16,SANDRA,MARTIN,4517
16,SANDRA,MARTIN,6100
16,SANDRA,MARTIN,7489
16,SANDRA,MARTIN,7552
16,SANDRA,MARTIN,8452
16,SANDRA,MARTIN,9158
16,SANDRA,MARTIN,9610
16,SANDRA,MARTIN,10687
16,SANDRA,MARTIN,10727
16,SANDRA,MARTIN,11308
16,SANDRA,MARTIN,12104
16,SANDRA,MARTIN,12358
16,SANDRA,MARTIN,12577
16,SANDRA,MARTIN,13151
16,SANDRA,MARTIN,13391
16,SANDRA,MARTIN,13480
16,SANDRA,MARTIN,14511
17,DONNA,THOMPSON,287
17,DONNA,THOMPSON,580
17,DONNA,THOMPSON,884
17,DONNA,THOMPSON,2175
17,DONNA,THOMPSON,2684
17,DONNA,THOMPSON,3269
17,DONNA,THOMPSON,5714
17,DONNA,THOMPSON,5883
17,DONNA,THOMPSON,6884
17,DONNA,THOMPSON,8076
17,DONNA,THOMPSON,8213
17,DONNA,THOMPSON,9092
17,DONNA,THOMPSON,9138
17,DONNA,THOMPSON,9382
17,DONNA,THOMPSON,9489
17,DONNA,THOMPSON,11990
17,DONNA,THOMPSON,13732
17,DONNA,THOMPSON,14040
17,DONNA,THOMPSON,14326
17,DONNA,THOMPSON,14346
17,DONNA,THOMPSON,15752
18,CAROL,GARCIA,50
18,CAROL,GARCIA,116
18,CAROL,GARCIA,692
18,CAROL,GARCIA,1451
18,CAROL,GARCIA,1783
18,CAROL,GARCIA,2112
18,CAROL,GARCIA,2990
18,CAROL,GARCIA,4672
18,CAROL,GARCIA,4724
18,CAROL,GARCIA,4923
18,CAROL,GARCIA,6128
18,CAROL,GARCIA,6846
18,CAROL,GARCIA,8122
18,CAROL,GARCIA,8555
18,CAROL,GARCIA,9036
18,CAROL,GARCIA,9114
18,CAROL,GARCIA,10682
18,CAROL,GARCIA,10721
18,CAROL,GARCIA,11094
18,CAROL,GARCIA,11439
18,CAROL,GARCIA,12333
18,CAROL,GARCIA,13490
19,RUTH,MARTINEZ,18
19,RUTH,MARTINEZ,110
19,RUTH,MARTINEZ,179
19,RUTH,MARTINEZ,337
19,RUTH,MARTINEZ,591
19,RUTH,MARTINEZ,696
19,RUTH,MARTINEZ,2657
19,RUTH,MARTINEZ,2848
19,RUTH,MARTINEZ,3423
19,RUTH,MARTINEZ,3549
19,RUTH,MARTINEZ,6495
19,RUTH,MARTINEZ,9157
19,RUTH,MARTINEZ,9256
19,RUTH,MARTINEZ,10077
19,RUTH,MARTINEZ,10176
19,RUTH,MARTINEZ,11508
19,RUTH,MARTINEZ,11869
19,RUTH,MARTINEZ,12211
19,RUTH,MARTINEZ,12357
19,RUTH,MARTINEZ,13718
19,RUTH,MARTINEZ,13804
19,RUTH,MARTINEZ,14101
19,RUTH,MARTINEZ,15047
19,RUTH,MARTINEZ,15529
20,SHARON,ROBINSON,202
20,SHARON,ROBINSON,497
20,SHARON,ROBINSON,546
20,SHARON,ROBINSON,1558
20,SHARON,ROBINSON,2136
20,SHARON,ROBINSON,2343
20,SHARON,ROBINSON,3350
20,SHARON,ROBINSON,4011
20,SHARON,ROBINSON,4407
20,SHARON,ROBINSON,5718
20,SHARON,ROBINSON,6254
20,SHARON,ROBINSON,6267
20,SHARON,ROBINSON,7217
20,SHARON,ROBINSON,7864
20,SHARON,ROBINSON,8127
20,SHARON,ROBINSON,9075
20,SHARON,ROBINSON,9468
20,SHARON,ROBINSON,10284
20,SHARON,ROBINSON,10616
20,SHARON,ROBINSON,10954
20,SHARON,ROBINSON,11821
20,SHARON,ROBINSON,12180
20,SHARON,ROBINSON,13036
20,SHARON,ROBINSON,13137
20,SHARON,ROBINSON,13317
20,SHARON,ROBINSON,14613
20,SHARON,ROBINSON,15057
20,SHARON,ROBINSON,15161
20,SHARON,ROBINSON,15248
20,SHARON,ROBINSON,15460
21,MICHELLE,CLARK,260
21,MICHELLE,CLARK,463
21,MICHELLE,CLARK,570
21,MICHELLE,CLARK,2235
21,MICHELLE,CLARK,2268
21,MICHELLE,CLARK,2393
21,MICHELLE,CLARK,2830
21,MICHELLE,CLARK,3212
21,MICHELLE,CLARK,5107
21,MICHELLE,CLARK,5772
21,MICHELLE,CLARK,5961
21,MICHELLE,CLARK,6943
21,MICHELLE,CLARK,7994
21,MICHELLE,CLARK,8196
21,MICHELLE,CLARK,8862
21,MICHELLE,CLARK,9149
21,MICHELLE,CLARK,9699
21,MICHELLE,CLARK,10570
21,MICHELLE,CLARK,10734
21,MICHELLE,CLARK,11072
21,MICHELLE,CLARK,11970
21,MICHELLE,CLARK,12131
21,MICHELLE,CLARK,12660
21,MICHELLE,CLARK,12774
21,MICHELLE,CLARK,13381
21,MICHELLE,CLARK,13399
21,MICHELLE,CLARK,13411
21,MICHELLE,CLARK,13463
21,MICHELLE,CLARK,13699
21,MICHELLE,CLARK,13740
21,MICHELLE,CLARK,14077
21,MICHELLE,CLARK,14161
21,MICHELLE,CLARK,14446
21,MICHELLE,CLARK,14869
21,MICHELLE,CLARK,14933
22,LAURA,RODRIGUEZ,370
22,LAURA,RODRIGUEZ,556
22,LAURA,RODRIGUEZ,820
22,LAURA,RODRIGUEZ,3419
22,LAURA,RODRIGUEZ,4215
22,LAURA,RODRIGUEZ,5294
22,LAURA,RODRIGUEZ,5815
22,LAURA,RODRIGUEZ,7087
22,LAURA,RODRIGUEZ,7705
22,LAURA,RODRIGUEZ,9410
22,LAURA,RODRIGUEZ,9580
22,LAURA,RODRIGUEZ,12023
22,LAURA,RODRIGUEZ,12124
22,LAURA,RODRIGUEZ,12222
22,LAURA,RODRIGUEZ,12809
22,LAURA,RODRIGUEZ,13060
22,LAURA,RODRIGUEZ,14056
22,LAURA,RODRIGUEZ,14564
22,LAURA,RODRIGUEZ,15134
22,LAURA,RODRIGUEZ,15589
22,LAURA,RODRIGUEZ,15658
22,LAURA,RODRIGUEZ,15793
23,SARAH,LEWIS,129
23,SARAH,LEWIS,654
23,SARAH,LEWIS,1090
23,SARAH,LEWIS,2753
23,SARAH,LEWIS,2827
23,SARAH,LEWIS,3015
23,SARAH,LEWIS,3055
23,SARAH,LEWIS,3461
23,SARAH,LEWIS,3736
23,SARAH,LEWIS,3781
23,SARAH,LEWIS,4853
23,SARAH,LEWIS,6213
23,SARAH,LEWIS,6238
23,SARAH,LEWIS,6917
23,SARAH,LEWIS,7155
23,SARAH,LEWIS,8015
23,SARAH,LEWIS,8718
23,SARAH,LEWIS,9209
23,SARAH,LEWIS,9255
23,SARAH,LEWIS,9718
23,SARAH,LEWIS,10132
23,SARAH,LEWIS,10898
23,SARAH,LEWIS,11501
23,SARAH,LEWIS,13290
23,SARAH,LEWIS,13331
23,SARAH,LEWIS,13429
23,SARAH,LEWIS,13511
23,SARAH,LEWIS,13557
23,SARAH,LEWIS,14482
23,SARAH,LEWIS,15532
24,KIMBERLY,LEE,1007
24,KIMBERLY,LEE,1077
24,KIMBERLY,LEE,1716
24,KIMBERLY,LEE,2070
24,KIMBERLY,LEE,2116
24,KIMBERLY,LEE,2451
24,KIMBERLY,LEE,2963
24,KIMBERLY,LEE,3649
24,KIMBERLY,LEE,4378
24,KIMBERLY,LEE,5310
24,KIMBERLY,LEE,5648
24,KIMBERLY,LEE,6855
24,KIMBERLY,LEE,7266
24,KIMBERLY,LEE,8947
24,KIMBERLY,LEE,9723
24,KIMBERLY,LEE,9925
24,KIMBERLY,LEE,10491
24,KIMBERLY,LEE,11209
24,KIMBERLY,LEE,11546
24,KIMBERLY,LEE,12165
24,KIMBERLY,LEE,12745
24,KIMBERLY,LEE,12999
24,KIMBERLY,LEE,13058
24,KIMBERLY,LEE,13247
24,KIMBERLY,LEE,15357
25,DEBORAH,WALKER,90
25,DEBORAH,WALKER,1033
25,DEBORAH,WALKER,1338
25,DEBORAH,WALKER,1365
25,DEBORAH,WALKER,1754
25,DEBORAH,WALKER,2625
25,DEBORAH,WALKER,2901
25,DEBORAH,WALKER,3447
25,DEBORAH,WALKER,4282
25,DEBORAH,WALKER,4319
25,DEBORAH,WALKER,4404
25,DEBORAH,WALKER,5881
25,DEBORAH,WALKER,6653
25,DEBORAH,WALKER,6905
25,DEBORAH,WALKER,8667
25,DEBORAH,WALKER,8878
25,DEBORAH,WALKER,9140
25,DEBORAH,WALKER,9334
25,DEBORAH,WALKER,9922
25,DEBORAH,WALKER,10103
25,DEBORAH,WALKER,10324
25,DEBORAH,WALKER,10860
25,DEBORAH,WALKER,10916
25,DEBORAH,WALKER,11642
25,DEBORAH,WALKER,12922
25,DEBORAH,WALKER,14193
25,DEBORAH,WALKER,14236
25,DEBORAH,WALKER,15512
25,DEBORAH,WALKER,15972
26,JESSICA,HALL,796
26,JESSICA,HALL,1105
26,JESSICA,HALL,1440
26,JESSICA,HALL,1706
26,JESSICA,HALL,2093
26,JESSICA,HALL,2416
26,JESSICA,HALL,2421
26,JESSICA,HALL,2532
26,JESSICA,HALL,2745
26,JESSICA,HALL,4065
26,JESSICA,HALL,4274
26,JESSICA,HALL,4382
26,JESSICA,HALL,4402
26,JESSICA,HALL,4431
26,JESSICA,HALL,4536
26,JESSICA,HALL,4641
26,JESSICA,HALL,5437
26,JESSICA,HALL,6149
26,JESSICA,HALL,6243
26,JESSICA,HALL,7328
26,JESSICA,HALL,8241
26,JESSICA,HALL,9484
26,JESSICA,HALL,10386
26,JESSICA,HALL,10996
26,JESSICA,HALL,11314
26,JESSICA,HALL,11338
26,JESSICA,HALL,11744
26,JESSICA,HALL,13111
26,JESSICA,HALL,14183
26,JESSICA,HALL,14192
26,JESSICA,HALL,14603
26,JESSICA,HALL,14677
26,JESSICA,HALL,15384
26,JESSICA,HALL,15722
27,SHIRLEY,ALLEN,787
27,SHIRLEY,ALLEN,1310
27,SHIRLEY,ALLEN,1480
27,SHIRLEY,ALLEN,1699
27,SHIRLEY,ALLEN,1960
27,SHIRLEY,ALLEN,2512
27,SHIRLEY,ALLEN,2815
27,SHIRLEY,ALLEN,3038
27,SHIRLEY,ALLEN,3420
27,SHIRLEY,ALLEN,4038
27,SHIRLEY,ALLEN,4510
27,SHIRLEY,ALLEN,5552
27,SHIRLEY,ALLEN,5736
27,SHIRLEY,ALLEN,6115
27,SHIRLEY,ALLEN,6562
27,SHIRLEY,ALLEN,6658
27,SHIRLEY,ALLEN,7927
27,SHIRLEY,ALLEN,9244
27,SHIRLEY,ALLEN,9636
27,SHIRLEY,ALLEN,9673
27,SHIRLEY,ALLEN,9908
27,SHIRLEY,ALLEN,10794
27,SHIRLEY,ALLEN,10852
27,SHIRLEY,ALLEN,11234
27,SHIRLEY,ALLEN,11661
27,SHIRLEY,ALLEN,11740
27,SHIRLEY,ALLEN,12021
27,SHIRLEY,ALLEN,12461
27,SHIRLEY,ALLEN,12531
27,SHIRLEY,ALLEN,13816
27,SHIRLEY,ALLEN,15048
28,CYNTHIA,YOUNG,388
28,CYNTHIA,YOUNG,868
28,CYNTHIA,YOUNG,1240
28,CYNTHIA,YOUNG,1543
28,CYNTHIA,YOUNG,2299
28,CYNTHIA,YOUNG,2604
28,CYNTHIA,YOUNG,3231
28,CYNTHIA,YOUNG,3845
28,CYNTHIA,YOUNG,4704
28,CYNTHIA,YOUNG,4951
28,CYNTHIA,YOUNG,5653
28,CYNTHIA,YOUNG,5817
28,CYNTHIA,YOUNG,6032
28,CYNTHIA,YOUNG,6476
28,CYNTHIA,YOUNG,7580
28,CYNTHIA,YOUNG,8464
28,CYNTHIA,YOUNG,8901
28,CYNTHIA,YOUNG,9544
28,CYNTHIA,YOUNG,9593
28,CYNTHIA,YOUNG,9705
28,CYNTHIA,YOUNG,10116
28,CYNTHIA,YOUNG,10294
28,CYNTHIA,YOUNG,11444
28,CYNTHIA,YOUNG,11856
28,CYNTHIA,YOUNG,12190
28,CYNTHIA,YOUNG,12359
28,CYNTHIA,YOUNG,12708
28,CYNTHIA,YOUNG,12938
28,CYNTHIA,YOUNG,13783
28,CYNTHIA,YOUNG,14540
28,CYNTHIA,YOUNG,15445
28,CYNTHIA,YOUNG,15491
29,ANGELA,HERNANDEZ,194
29,ANGELA,HERNANDEZ,2655
29,ANGELA,HERNANDEZ,2673
29,ANGELA,HERNANDEZ,2701
29,ANGELA,HERNANDEZ,2735
29,ANGELA,HERNANDEZ,2801
29,ANGELA,HERNANDEZ,2923
29,ANGELA,HERNANDEZ,3324
29,ANGELA,HERNANDEZ,4262
29,ANGELA,HERNANDEZ,4313
29,ANGELA,HERNANDEZ,4535
29,ANGELA,HERNANDEZ,5442
29,ANGELA,HERNANDEZ,5857
29,ANGELA,HERNANDEZ,7237
29,ANGELA,HERNANDEZ,7451
29,ANGELA,HERNANDEZ,7453
29,ANGELA,HERNANDEZ,8673
29,ANGELA,HERNANDEZ,9392
29,ANGELA,HERNANDEZ,9946
29,ANGELA,HERNANDEZ,10543
29,ANGELA,HERNANDEZ,10899
29,ANGELA,HERNANDEZ,11079
29,ANGELA,HERNANDEZ,11962
29,ANGELA,HERNANDEZ,12488
29,ANGELA,HERNANDEZ,12508
29,ANGELA,HERNANDEZ,12569
29,ANGELA,HERNANDEZ,12615
29,ANGELA,HERNANDEZ,13173
29,ANGELA,HERNANDEZ,13436
29,ANGELA,HERNANDEZ,13777
29,ANGELA,HERNANDEZ,13832
29,ANGELA,HERNANDEZ,14174
29,ANGELA,HERNANDEZ,14703
29,ANGELA,HERNANDEZ,14985
29,ANGELA,HERNANDEZ,14997
29,ANGELA,HERNANDEZ,15577
30,MELISSA,KING,1874
30,MELISSA,KING,1895
30,MELISSA,KING,2154
30,MELISSA,KING,2730
30,MELISSA,KING,3964
30,MELISSA,KING,4471
30,MELISSA,KING,4642
30,MELISSA,KING,5028
30,MELISSA,KING,5108
30,MELISSA,KING,5289
30,MELISSA,KING,5972
30,MELISSA,KING,6249
30,MELISSA,KING,6359
30,MELISSA,KING,7394
30,MELISSA,KING,7769
30,MELISSA,KING,8030
30,MELISSA,KING,8038
30,MELISSA,KING,8083
30,MELISSA,KING,8641
30,MELISSA,KING,9309
30,MELISSA,KING,9551
30,MELISSA,KING,9641
30,MELISSA,KING,9998
30,MELISSA,KING,10235
30,MELISSA,KING,12240
30,MELISSA,KING,12546
30,MELISSA,KING,12758
30,MELISSA,KING,13435
30,MELISSA,KING,13682
30,MELISSA,KING,14339
30,MELISSA,KING,14585
30,MELISSA,KING,15063
30,MELISSA,KING,15544
30,MELISSA,KING,15829
31,BRENDA,WRIGHT,1656
31,BRENDA,WRIGHT,1838
31,BRENDA,WRIGHT,2233
31,BRENDA,WRIGHT,2341
31,BRENDA,WRIGHT,2396
31,BRENDA,WRIGHT,2438
31,BRENDA,WRIGHT,2530
31,BRENDA,WRIGHT,2648
31,BRENDA,WRIGHT,3117
31,BRENDA,WRIGHT,3172
31,BRENDA,WRIGHT,3205
31,BRENDA,WRIGHT,3701
31,BRENDA,WRIGHT,3967
31,BRENDA,WRIGHT,4122
31,BRENDA,WRIGHT,4738
31,BRENDA,WRIGHT,6208
31,BRENDA,WRIGHT,6580
31,BRENDA,WRIGHT,7000
31,BRENDA,WRIGHT,7138
31,BRENDA,WRIGHT,7178
31,BRENDA,WRIGHT,7464
31,BRENDA,WRIGHT,8997
31,BRENDA,WRIGHT,12085
31,BRENDA,WRIGHT,12377
31,BRENDA,WRIGHT,15682
31,BRENDA,WRIGHT,15816
32,AMY,LOPEZ,483
32,AMY,LOPEZ,803
32,AMY,LOPEZ,1067
32,AMY,LOPEZ,1887
32,AMY,LOPEZ,2160
32,AMY,LOPEZ,2624
32,AMY,LOPEZ,2891
32,AMY,LOPEZ,3500
32,AMY,LOPEZ,4434
32,AMY,LOPEZ,4771
32,AMY,LOPEZ,4899
32,AMY,LOPEZ,5307
32,AMY,LOPEZ,5767
32,AMY,LOPEZ,5954
32,AMY,LOPEZ,6122
32,AMY,LOPEZ,6450
32,AMY,LOPEZ,7084
32,AMY,LOPEZ,7589
32,AMY,LOPEZ,7793
32,AMY,LOPEZ,8390
32,AMY,LOPEZ,8453
32,AMY,LOPEZ,8914
32,AMY,LOPEZ,11135
32,AMY,LOPEZ,11831
32,AMY,LOPEZ,12414
32,AMY,LOPEZ,13736
32,AMY,LOPEZ,13931
32,AMY,LOPEZ,14075
32,AMY,LOPEZ,14570
33,ANNA,HILL,165
33,ANNA,HILL,1301
33,ANNA,HILL,3173
33,ANNA,HILL,4095
33,ANNA,HILL,5421
33,ANNA,HILL,5723
33,ANNA,HILL,6280
33,ANNA,HILL,7992
33,ANNA,HILL,9040
33,ANNA,HILL,9085
33,ANNA,HILL,9254
33,ANNA,HILL,10335
33,ANNA,HILL,10870
33,ANNA,HILL,12277
33,ANNA,HILL,13241
33,ANNA,HILL,13858
33,ANNA,HILL,13958
33,ANNA,HILL,14002
33,ANNA,HILL,14623
33,ANNA,HILL,15096
33,ANNA,HILL,15115
34,REBECCA,SCOTT,1900
34,REBECCA,SCOTT,2257
34,REBECCA,SCOTT,3150
34,REBECCA,SCOTT,3508
34,REBECCA,SCOTT,3911
34,REBECCA,SCOTT,5188
34,REBECCA,SCOTT,5643
34,REBECCA,SCOTT,5918
34,REBECCA,SCOTT,7015
34,REBECCA,SCOTT,7124
34,REBECCA,SCOTT,7532
34,REBECCA,SCOTT,9160
34,REBECCA,SCOTT,10523
34,REBECCA,SCOTT,10615
34,REBECCA,SCOTT,11096
34,REBECCA,SCOTT,11505
34,REBECCA,SCOTT,11701
34,REBECCA,SCOTT,12286
34,REBECCA,SCOTT,12599
34,REBECCA,SCOTT,12651
34,REBECCA,SCOTT,13371
34,REBECCA,SCOTT,13949
34,REBECCA,SCOTT,14686
34,REBECCA,SCOTT,14701
35,VIRGINIA,GREEN,47
35,VIRGINIA,GREEN,424
35,VIRGINIA,GREEN,1579
35,VIRGINIA,GREEN,1989
35,VIRGINIA,GREEN,2229
35,VIRGINIA,GREEN,2231
35,VIRGINIA,GREEN,2743
35,VIRGINIA,GREEN,3112
35,VIRGINIA,GREEN,3597
35,VIRGINIA,GREEN,4098
35,VIRGINIA,GREEN,4990
35,VIRGINIA,GREEN,5013
35,VIRGINIA,GREEN,5323
35,VIRGINIA,GREEN,5916
35,VIRGINIA,GREEN,5963
35,VIRGINIA,GREEN,6147
35,VIRGINIA,GREEN,6401
35,VIRGINIA,GREEN,6565
35,VIRGINIA,GREEN,6572
35,VIRGINIA,GREEN,7140
35,VIRGINIA,GREEN,8822
35,VIRGINIA,GREEN,8971
35,VIRGINIA,GREEN,9033
35,VIRGINIA,GREEN,9579
35,VIRGINIA,GREEN,11298
35,VIRGINIA,GREEN,11452
35,VIRGINIA,GREEN,11645
35,VIRGINIA,GREEN,12055
35,VIRGINIA,GREEN,13735
35,VIRGINIA,GREEN,14110
35,VIRGINIA,GREEN,14124
35,VIRGINIA,GREEN,14735
36,KATHLEEN,ADAMS,349
36,KATHLEEN,ADAMS,716
36,KATHLEEN,ADAMS,2741
36,KATHLEEN,ADAMS,4135
36,KATHLEEN,ADAMS,4560
36,KATHLEEN,ADAMS,4762
36,KATHLEEN,ADAMS,5403
36,KATHLEEN,ADAMS,6030
36,KATHLEEN,ADAMS,7205
36,KATHLEEN,ADAMS,7647
36,KATHLEEN,ADAMS,7919
36,KATHLEEN,ADAMS,8099
36,KATHLEEN,ADAMS,8391
36,KATHLEEN,ADAMS,8952
36,KATHLEEN,ADAMS,9369
36,KATHLEEN,ADAMS,9805
36,KATHLEEN,ADAMS,10525
36,KATHLEEN,ADAMS,10761
