payment_id,first_name,last_name
1,MARY,SMITH
2,MARY,SMITH
3,MARY,SMITH
4,MARY,SMITH
5,MARY,SMITH
6,MARY,SMITH
7,MARY,SMITH
8,MARY,SMITH
9,MARY,SMITH
10,MARY,SMITH
11,MARY,SMITH
12,MARY,SMITH
13,MARY,SMITH
14,MARY,SMITH
15,MARY,SMITH
16,MARY,SMITH
17,MARY,SMITH
18,MARY,SMITH
19,MARY,SMITH
20,MARY,SMITH
21,MARY,SMITH
22,MARY,SMITH
23,MARY,SMITH
24,MARY,SMITH
25,MARY,SMITH
26,MARY,SMITH
27,MARY,SMITH
28,MARY,SMITH
29,MARY,SMITH
30,MARY,SMITH
31,MARY,SMITH
32,MARY,SMITH
33,PATRICIA,JOHNSON
34,PATRICIA,JOHNSON
35,PATRICIA,JOHNSON
36,PATRICIA,JOHNSON
37,PATRICIA,JOHNSON
38,PATRICIA,JOHNSON
39,PATRICIA,JOHNSON
40,PATRICIA,JOHNSON
41,PATRICIA,JOHNSON
42,PATRICIA,JOHNSON
43,PATRICIA,JOHNSON
44,PATRICIA,JOHNSON
45,PATRICIA,JOHNSON
46,PATRICIA,JOHNSON
47,PATRICIA,JOHNSON
48,PATRICIA,JOHNSON
49,PATRICIA,JOHNSON
50,PATRICIA,JOHNSON
51,PATRICIA,JOHNSON
52,PATRICIA,JOHNSON
53,PATRICIA,JOHNSON
54,PATRICIA,JOHNSON
55,PATRICIA,JOHNSON
56,PATRICIA,JOHNSON
57,PATRICIA,JOHNSON
58,PATRICIA,JOHNSON
59,PATRICIA,JOHNSON
60,LINDA,WILLIAMS
61,LINDA,WILLIAMS
62,LINDA,WILLIAMS
63,LINDA,WILLIAMS
64,LINDA,WILLIAMS
65,LINDA,WILLIAMS
66,LINDA,WILLIAMS
67,LINDA,WILLIAMS
68,LINDA,WILLIAMS
69,LINDA,WILLIAMS
70,LINDA,WILLIAMS
71,LINDA,WILLIAMS
72,LINDA,WILLIAMS
73,LINDA,WILLIAMS
74,LINDA,WILLIAMS
75,LINDA,WILLIAMS
76,LINDA,WILLIAMS
77,LINDA,WILLIAMS
78,LINDA,WILLIAMS
79,LINDA,WILLIAMS
80,LINDA,WILLIAMS
81,LINDA,WILLIAMS
82,LINDA,WILLIAMS
83,LINDA,WILLIAMS
84,LINDA,WILLIAMS
85,LINDA,WILLIAMS
86,BARBARA,JONES
87,BARBARA,JONES
88,BARBARA,JONES
89,BARBARA,JONES
90,BARBARA,JONES
91,BARBARA,JONES
92,BARBARA,JONES
93,BARBARA,JONES
94,BARBARA,JONES
95,BARBARA,JONES
96,BARBARA,JONES
97,BARBARA,JONES
98,BARBARA,JONES
99,BARBARA,JONES
100,BARBARA,JONES
101,BARBARA,JONES
102,BARBARA,JONES
103,BARBARA,JONES
104,BARBARA,JONES
105,BARBARA,JONES
106,BARBARA,JONES
107,BARBARA,JONES
108,ELIZABETH,BROWN
109,ELIZABETH,BROWN
110,ELIZABETH,BROWN
111,ELIZABETH,BROWN
112,ELIZABETH,BROWN
113,ELIZABETH,BROWN
114,ELIZABETH,BROWN
115,ELIZABETH,BROWN
116,ELIZABETH,BROWN
117,ELIZABETH,BROWN
118,ELIZABETH,BROWN
119,ELIZABETH,BROWN
120,ELIZABETH,BROWN
121,ELIZABETH,BROWN
122,ELIZABETH,BROWN
123,ELIZABETH,BROWN
124,ELIZABETH,BROWN
125,ELIZABETH,BROWN
126,ELIZABETH,BROWN
127,ELIZABETH,BROWN
128,ELIZABETH,BROWN
129,ELIZABETH,BROWN
130,ELIZABETH,BROWN
131,ELIZABETH,BROWN
132,ELIZABETH,BROWN
133,ELIZABETH,BROWN
134,ELIZABETH,BROWN
135,ELIZABETH,BROWN
136,ELIZABETH,BROWN
137,ELIZABETH,BROWN
138,ELIZABETH,BROWN
139,ELIZABETH,BROWN
140,ELIZABETH,BROWN
141,ELIZABETH,BROWN
142,ELIZABETH,BROWN
143,ELIZABETH,BROWN
144,ELIZABETH,BROWN
145,ELIZABETH,BROWN
146,JENNIFER,DAVIS
147,JENNIFER,DAVIS
148,JENNIFER,DAVIS
149,JENNIFER,DAVIS
150,JENNIFER,DAVIS
151,JENNIFER,DAVIS
152,JENNIFER,DAVIS
153,JENNIFER,DAVIS
154,JENNIFER,DAVIS
155,JENNIFER,DAVIS
156,JENNIFER,DAVIS
157,JENNIFER,DAVIS
158,JENNIFER,DAVIS
159,JENNIFER,DAVIS
160,JENNIFER,DAVIS
161,JENNIFER,DAVIS
162,JENNIFER,DAVIS
163,JENNIFER,DAVIS
164,JENNIFER,DAVIS
165,JENNIFER,DAVIS
166,JENNIFER,DAVIS
167,JENNIFER,DAVIS
168,JENNIFER,DAVIS
169,JENNIFER,DAVIS
170,JENNIFER,DAVIS
171,JENNIFER,DAVIS
172,JENNIFER,DAVIS
173,JENNIFER,DAVIS
174,MARIA,MILLER
175,MARIA,MILLER
176,MARIA,MILLER
177,MARIA,MILLER
178,MARIA,MILLER
179,MARIA,MILLER
180,MARIA,MILLER
181,MARIA,MILLER
182,MARIA,MILLER
183,MARIA,MILLER
184,MARIA,MILLER
185,MARIA,MILLER
186,MARIA,MILLER
187,MARIA,MILLER
188,MARIA,MILLER
189,MARIA,MILLER
190,MARIA,MILLER
191,MARIA,MILLER
192,MARIA,MILLER
193,MARIA,MILLER
194,MARIA,MILLER
195,MARIA,MILLER
196,MARIA,MILLER
197,MARIA,MILLER
198,MARIA,MILLER
199,MARIA,MILLER
200,MARIA,MILLER
201,MARIA,MILLER
202,MARIA,MILLER
203,MARIA,MILLER
204,MARIA,MILLER
205,MARIA,MILLER
206,MARIA,MILLER
207,SUSAN,WILSON
208,SUSAN,WILSON
209,SUSAN,WILSON
210,SUSAN,WILSON
211,SUSAN,WILSON
212,SUSAN,WILSON
213,SUSAN,WILSON
214,SUSAN,WILSON
215,SUSAN,WILSON
216,SUSAN,WILSON
217,SUSAN,WILSON
218,SUSAN,WILSON
219,SUSAN,WILSON
220,SUSAN,WILSON
221,SUSAN,WILSON
222,SUSAN,WILSON
223,SUSAN,WILSON
224,SUSAN,WILSON
225,SUSAN,WILSON
226,SUSAN,WILSON
227,SUSAN,WILSON
228,SUSAN,WILSON
229,SUSAN,WILSON
230,SUSAN,WILSON
231,MARGARET,MOORE
232,MARGARET,MOORE
233,MARGARET,MOORE
234,MARGARET,MOORE
235,MARGARET,MOORE
236,MARGARET,MOORE
237,MARGARET,MOORE
238,MARGARET,MOORE
239,MARGARET,MOORE
240,MARGARET,MOORE
241,MARGARET,MOORE
242,MARGARET,MOORE
243,MARGARET,MOORE
244,MARGARET,MOORE
245,MARGARET,MOORE
246,MARGARET,MOORE
247,MARGARET,MOORE
248,MARGARET,MOORE
249,MARGARET,MOORE
250,MARGARET,MOORE
251,MARGARET,MOORE
252,MARGARET,MOORE
253,MARGARET,MOORE
254,DOROTHY,TAYLOR
255,DOROTHY,TAYLOR
256,DOROTHY,TAYLOR
257,DOROTHY,TAYLOR
258,DOROTHY,TAYLOR
259,DOROTHY,TAYLOR
260,DOROTHY,TAYLOR
261,DOROTHY,TAYLOR
262,DOROTHY,TAYLOR
263,DOROTHY,TAYLOR
264,DOROTHY,TAYLOR
265,DOROTHY,TAYLOR
266,DOROTHY,TAYLOR
267,DOROTHY,TAYLOR
268,DOROTHY,TAYLOR
269,DOROTHY,TAYLOR
270,DOROTHY,TAYLOR
271,DOROTHY,TAYLOR
272,DOROTHY,TAYLOR
273,DOROTHY,TAYLOR
274,DOROTHY,TAYLOR
275,DOROTHY,TAYLOR
276,DOROTHY,TAYLOR
277,DOROTHY,TAYLOR
278,DOROTHY,TAYLOR
279,LISA,ANDERSON
280,LISA,ANDERSON
281,LISA,ANDERSON
282,LISA,ANDERSON
283,LISA,ANDERSON
284,LISA,ANDERSON
285,LISA,ANDERSON
286,LISA,ANDERSON
287,LISA,ANDERSON
288,LISA,ANDERSON
289,LISA,ANDERSON
290,LISA,ANDERSON
291,LISA,ANDERSON
292,LISA,ANDERSON
293,LISA,ANDERSON
294,LISA,ANDERSON
295,LISA,ANDERSON
296,LISA,ANDERSON
297,LISA,ANDERSON
298,LISA,ANDERSON
299,LISA,ANDERSON
300,LISA,ANDERSON
301,LISA,ANDERSON
302,LISA,ANDERSON
303,NANCY,THOMAS
304,NANCY,THOMAS
305,NANCY,THOMAS
306,NANCY,THOMAS
307,NANCY,THOMAS
308,NANCY,THOMAS
309,NANCY,THOMAS
310,NANCY,THOMAS
311,NANCY,THOMAS
312,NANCY,THOMAS
313,NANCY,THOMAS
314,NANCY,THOMAS
315,NANCY,THOMAS
316,NANCY,THOMAS
317,NANCY,THOMAS
318,NANCY,THOMAS
319,NANCY,THOMAS
320,NANCY,THOMAS
321,NANCY,THOMAS
322,NANCY,THOMAS
323,NANCY,THOMAS
324,NANCY,THOMAS
325,NANCY,THOMAS
326,NANCY,THOMAS
327,NANCY,THOMAS
328,NANCY,THOMAS
329,NANCY,THOMAS
330,NANCY,THOMAS
331,KAREN,JACKSON
332,KAREN,JACKSON
333,KAREN,JACKSON
334,KAREN,JACKSON
335,KAREN,JACKSON
336,KAREN,JACKSON
337,KAREN,JACKSON
338,KAREN,JACKSON
339,KAREN,JACKSON
340,KAREN,JACKSON
341,KAREN,JACKSON
342,KAREN,JACKSON
343,KAREN,JACKSON
344,KAREN,JACKSON
345,KAREN,JACKSON
346,KAREN,JACKSON
347,KAREN,JACKSON
348,KAREN,JACKSON
349,KAREN,JACKSON
350,KAREN,JACKSON
351,KAREN,JACKSON
352,KAREN,JACKSON
353,KAREN,JACKSON
354,KAREN,JACKSON
355,KAREN,JACKSON
356,KAREN,JACKSON
357,KAREN,JACKSON
358,BETTY,WHITE
359,BETTY,WHITE
360,BETTY,WHITE
361,BETTY,WHITE
362,BETTY,WHITE
363,BETTY,WHITE
364,BETTY,WHITE
365,BETTY,WHITE
366,BETTY,WHITE
367,BETTY,WHITE
368,BETTY,WHITE
369,BETTY,WHITE
370,BETTY,WHITE
371,BETTY,WHITE
372,BETTY,WHITE
373,BETTY,WHITE
374,BETTY,WHITE
375,BETTY,WHITE
376,BETTY,WHITE
377,BETTY,WHITE
378,BETTY,WHITE
379,BETTY,WHITE
380,BETTY,WHITE
381,BETTY,WHITE
382,BETTY,WHITE
383,BETTY,WHITE
384,BETTY,WHITE
385,BETTY,WHITE
386,HELEN,HARRIS
387,HELEN,HARRIS
388,HELEN,HARRIS
389,HELEN,HARRIS
390,HELEN,HARRIS
391,HELEN,HARRIS
392,HELEN,HARRIS
393,HELEN,HARRIS
394,HELEN,HARRIS
395,HELEN,HARRIS
396,HELEN,HARRIS
397,HELEN,HARRIS
398,HELEN,HARRIS
399,HELEN,HARRIS
400,HELEN,HARRIS
401,HELEN,HARRIS
402,HELEN,HARRIS
403,HELEN,HARRIS
404,HELEN,HARRIS
405,HELEN,HARRIS
406,HELEN,HARRIS
407,HELEN,HARRIS
408,HELEN,HARRIS
409,HELEN,HARRIS
410,HELEN,HARRIS
411,HELEN,HARRIS
412,HELEN,HARRIS
413,HELEN,HARRIS
414,HELEN,HARRIS
415,HELEN,HARRIS
416,HELEN,HARRIS
417,HELEN,HARRIS
418,SANDRA,MARTIN
419,SANDRA,MARTIN
420,SANDRA,MARTIN
421,SANDRA,MARTIN
422,SANDRA,MARTIN
423,SANDRA,MARTIN
425,SANDRA,MARTIN
426,SANDRA,MARTIN
427,SANDRA,MARTIN
428,SANDRA,MARTIN
429,SANDRA,MARTIN
430,SANDRA,MARTIN
431,SANDRA,MARTIN
432,SANDRA,MARTIN
433,SANDRA,MARTIN
434,SANDRA,MARTIN
435,SANDRA,MARTIN
436,SANDRA,MARTIN
437,SANDRA,MARTIN
438,SANDRA,MARTIN
439,SANDRA,MARTIN
440,SANDRA,MARTIN
441,SANDRA,MARTIN
442,SANDRA,MARTIN
443,SANDRA,MARTIN
444,SANDRA,MARTIN
445,SANDRA,MARTIN
446,SANDRA,MARTIN
447,DONNA,THOMPSON
448,DONNA,THOMPSON
449,DONNA,THOMPSON
450,DONNA,THOMPSON
451,DONNA,THOMPSON
452,DONNA,THOMPSON
453,DONNA,THOMPSON
454,DONNA,THOMPSON
455,DONNA,THOMPSON
456,DONNA,THOMPSON
457,DONNA,THOMPSON
458,DONNA,THOMPSON
459,DONNA,THOMPSON
460,DONNA,THOMPSON
461,DONNA,THOMPSON
462,DONNA,THOMPSON
463,DONNA,THOMPSON
464,DONNA,THOMPSON
465,DONNA,THOMPSON
466,DONNA,THOMPSON
467,DONNA,THOMPSON
468,CAROL,GARCIA
469,CAROL,GARCIA
470,CAROL,GARCIA
471,CAROL,GARCIA
472,CAROL,GARCIA
473,CAROL,GARCIA
474,CAROL,GARCIA
475,CAROL,GARCIA
476,CAROL,GARCIA
477,CAROL,GARCIA
478,CAROL,GARCIA
479,CAROL,GARCIA
480,CAROL,GARCIA
481,CAROL,GARCIA
482,CAROL,GARCIA
483,CAROL,GARCIA
484,CAROL,GARCIA
485,CAROL,GARCIA
486,CAROL,GARCIA
487,CAROL,GARCIA
488,CAROL,GARCIA
489,CAROL,GARCIA
490,RUTH,MARTINEZ
491,RUTH,MARTINEZ
492,RUTH,MARTINEZ
493,RUTH,MARTINEZ
494,RUTH,MARTINEZ
495,RUTH,MARTINEZ
496,RUTH,MARTINEZ
497,RUTH,MARTINEZ
498,RUTH,MARTINEZ
499,RUTH,MARTINEZ
500,RUTH,MARTINEZ
501,RUTH,MARTINEZ
502,RUTH,MARTINEZ
503,RUTH,MARTINEZ
504,RUTH,MARTINEZ
505,RUTH,MARTINEZ
506,RUTH,MARTINEZ
507,RUTH,MARTINEZ
508,RUTH,MARTINEZ
509,RUTH,MARTINEZ
510,RUTH,MARTINEZ
511,RUTH,MARTINEZ
512,RUTH,MARTINEZ
513,RUTH,MARTINEZ
514,SHARON,ROBINSON
515,SHARON,ROBINSON
516,SHARON,ROBINSON
517,SHARON,ROBINSON
518,SHARON,ROBINSON
519,SHARON,ROBINSON
520,SHARON,ROBINSON
521,SHARON,ROBINSON
522,SHARON,ROBINSON
523,SHARON,ROBINSON
524,SHARON,ROBINSON
525,SHARON,ROBINSON
526,SHARON,ROBINSON
527,SHARON,ROBINSON
528,SHARON,ROBINSON
529,SHARON,ROBINSON
530,SHARON,ROBINSON
531,SHARON,ROBINSON
532,SHARON,ROBINSON
533,SHARON,ROBINSON
534,SHARON,ROBINSON
535,SHARON,ROBINSON
536,SHARON,ROBINSON
537,SHARON,ROBINSON
538,SHARON,ROBINSON
539,SHARON,ROBINSON
540,SHARON,ROBINSON
541,SHARON,ROBINSON
542,SHARON,ROBINSON
543,SHARON,ROBINSON
544,MICHELLE,CLARK
545,MICHELLE,CLARK
546,MICHELLE,CLARK
547,MICHELLE,CLARK
548,MICHELLE,CLARK
549,MICHELLE,CLARK
550,MICHELLE,CLARK
551,MICHELLE,CLARK
552,MICHELLE,CLARK
553,MICHELLE,CLARK
554,MICHELLE,CLARK
555,MICHELLE,CLARK
556,MICHELLE,CLARK
557,MICHELLE,CLARK
558,MICHELLE,CLARK
559,MICHELLE,CLARK
560,MICHELLE,CLARK
561,MICHELLE,CLARK
562,MICHELLE,CLARK
563,MICHELLE,CLARK
564,MICHELLE,CLARK
565,MICHELLE,CLARK
566,MICHELLE,CLARK
567,MICHELLE,CLARK
568,MICHELLE,CLARK
569,MICHELLE,CLARK
570,MICHELLE,CLARK
571,MICHELLE,CLARK
572,MICHELLE,CLARK
573,MICHELLE,CLARK
574,MICHELLE,CLARK
575,MICHELLE,CLARK
576,MICHELLE,CLARK
577,MICHELLE,CLARK
578,MICHELLE,CLARK
579,LAURA,RODRIGUEZ
580,LAURA,RODRIGUEZ
581,LAURA,RODRIGUEZ
582,LAURA,RODRIGUEZ
583,LAURA,RODRIGUEZ
584,LAURA,RODRIGUEZ
585,LAURA,RODRIGUEZ
586,LAURA,RODRIGUEZ
587,LAURA,RODRIGUEZ
588,LAURA,RODRIGUEZ
589,LAURA,RODRIGUEZ
590,LAURA,RODRIGUEZ
591,LAURA,RODRIGUEZ
592,LAURA,RODRIGUEZ
593,LAURA,RODRIGUEZ
594,LAURA,RODRIGUEZ
595,LAURA,RODRIGUEZ
596,LAURA,RODRIGUEZ
597,LAURA,RODRIGUEZ
598,LAURA,RODRIGUEZ
599,LAURA,RODRIGUEZ
600,LAURA,RODRIGUEZ
601,SARAH,LEWIS
602,SARAH,LEWIS
603,SARAH,LEWIS
604,SARAH,LEWIS
605,SARAH,LEWIS
606,SARAH,LEWIS
607,SARAH,LEWIS
608,SARAH,LEWIS
609,SARAH,LEWIS
610,SARAH,LEWIS
611,SARAH,LEWIS
612,SARAH,LEWIS
613,SARAH,LEWIS
614,SARAH,LEWIS
615,SARAH,LEWIS
616,SARAH,LEWIS
617,SARAH,LEWIS
618,SARAH,LEWIS
619,SARAH,LEWIS
620,SARAH,LEWIS
621,SARAH,LEWIS
622,SARAH,LEWIS
623,SARAH,LEWIS
624,SARAH,LEWIS
625,SARAH,LEWIS
626,SARAH,LEWIS
627,SARAH,LEWIS
628,SARAH,LEWIS
629,SARAH,LEWIS
630,SARAH,LEWIS
631,KIMBERLY,LEE
632,KIMBERLY,LEE
633,KIMBERLY,LEE
634,KIMBERLY,LEE
635,KIMBERLY,LEE
636,KIMBERLY,LEE
637,KIMBERLY,LEE
638,KIMBERLY,LEE
639,KIMBERLY,LEE
640,KIMBERLY,LEE
641,KIMBERLY,LEE
642,KIMBERLY,LEE
643,KIMBERLY,LEE
644,KIMBERLY,LEE
645,KIMBERLY,LEE
646,KIMBERLY,LEE
647,KIMBERLY,LEE
648,KIMBERLY,LEE
649,KIMBERLY,LEE
650,KIMBERLY,LEE
651,KIMBERLY,LEE
652,KIMBERLY,LEE
653,KIMBERLY,LEE
654,KIMBERLY,LEE
655,KIMBERLY,LEE
656,DEBORAH,WALKER
657,DEBORAH,WALKER
658,DEBORAH,WALKER
659,DEBORAH,WALKER
660,DEBORAH,WALKER
661,DEBORAH,WALKER
662,DEBORAH,WALKER
663,DEBORAH,WALKER
664,DEBORAH,WALKER
665,DEBORAH,WALKER
666,DEBORAH,WALKER
667,DEBORAH,WALKER
668,DEBORAH,WALKER
669,DEBORAH,WALKER
670,DEBORAH,WALKER
671,DEBORAH,WALKER
672,DEBORAH,WALKER
673,DEBORAH,WALKER
674,DEBORAH,WALKER
675,DEBORAH,WALKER
676,DEBORAH,WALKER
677,DEBORAH,WALKER
678,DEBORAH,WALKER
679,DEBORAH,WALKER
680,DEBORAH,WALKER
681,DEBORAH,WALKER
682,DEBORAH,WALKER
683,DEBORAH,WALKER
684,DEBORAH,WALKER
685,JESSICA,HALL
686,JESSICA,HALL
687,JESSICA,HALL
688,JESSICA,HALL
689,JESSICA,HALL
690,JESSICA,HALL
691,JESSICA,HALL
692,JESSICA,HALL
693,JESSICA,HALL
694,JESSICA,HALL
695,JESSICA,HALL
696,JESSICA,HALL
697,JESSICA,HALL
698,JESSICA,HALL
699,JESSICA,HALL
700,JESSICA,HALL
701,JESSICA,HALL
702,JESSICA,HALL
703,JESSICA,HALL
704,JESSICA,HALL
705,JESSICA,HALL
706,JESSICA,HALL
707,JESSICA,HALL
708,JESSICA,HALL
709,JESSICA,HALL
710,JESSICA,HALL
711,JESSICA,HALL
712,JESSICA,HALL
713,JESSICA,HALL
714,JESSICA,HALL
715,JESSICA,HALL
716,JESSICA,HALL
717,JESSICA,HALL
718,JESSICA,HALL
719,SHIRLEY,ALLEN
720,SHIRLEY,ALLEN
721,SHIRLEY,ALLEN
722,SHIRLEY,ALLEN
723,SHIRLEY,ALLEN
724,SHIRLEY,ALLEN
725,SHIRLEY,ALLEN
726,SHIRLEY,ALLEN
727,SHIRLEY,ALLEN
728,SHIRLEY,ALLEN
729,SHIRLEY,ALLEN
730,SHIRLEY,ALLEN
731,SHIRLEY,ALLEN
732,SHIRLEY,ALLEN
733,SHIRLEY,ALLEN
734,SHIRLEY,ALLEN
735,SHIRLEY,ALLEN
736,SHIRLEY,ALLEN
737,SHIRLEY,ALLEN
738,SHIRLEY,ALLEN
739,SHIRLEY,ALLEN
740,SHIRLEY,ALLEN
741,SHIRLEY,ALLEN
742,SHIRLEY,ALLEN
743,SHIRLEY,ALLEN
744,SHIRLEY,ALLEN
745,SHIRLEY,ALLEN
746,SHIRLEY,ALLEN
747,SHIRLEY,ALLEN
748,SHIRLEY,ALLEN
749,SHIRLEY,ALLEN
750,CYNTHIA,YOUNG
751,CYNTHIA,YOUNG
752,CYNTHIA,YOUNG
753,CYNTHIA,YOUNG
754,CYNTHIA,YOUNG
755,CYNTHIA,YOUNG
756,CYNTHIA,YOUNG
757,CYNTHIA,YOUNG
758,CYNTHIA,YOUNG
759,CYNTHIA,YOUNG
760,CYNTHIA,YOUNG
761,CYNTHIA,YOUNG
762,CYNTHIA,YOUNG
763,CYNTHIA,YOUNG
764,CYNTHIA,YOUNG
765,CYNTHIA,YOUNG
766,CYNTHIA,YOUNG
767,CYNTHIA,YOUNG
768,CYNTHIA,YOUNG
769,CYNTHIA,YOUNG
770,CYNTHIA,YOUNG
771,CYNTHIA,YOUNG
772,CYNTHIA,YOUNG
773,CYNTHIA,YOUNG
774,CYNTHIA,YOUNG
775,CYNTHIA,YOUNG
776,CYNTHIA,YOUNG
777,CYNTHIA,YOUNG
778,CYNTHIA,YOUNG
779,CYNTHIA,YOUNG
780,CYNTHIA,YOUNG
781,CYNTHIA,YOUNG
782,ANGELA,HERNANDEZ
783,ANGELA,HERNANDEZ
784,ANGELA,HERNANDEZ
785,ANGELA,HERNANDEZ
786,ANGELA,HERNANDEZ
787,ANGELA,HERNANDEZ
788,ANGELA,HERNANDEZ
789,ANGELA,HERNANDEZ
790,ANGELA,HERNANDEZ
791,ANGELA,HERNANDEZ
792,ANGELA,HERNANDEZ
793,ANGELA,HERNANDEZ
794,ANGELA,HERNANDEZ
795,ANGELA,HERNANDEZ
796,ANGELA,HERNANDEZ
797,ANGELA,HERNANDEZ
798,ANGELA,HERNANDEZ
799,ANGELA,HERNANDEZ
800,ANGELA,HERNANDEZ
801,ANGELA,HERNANDEZ
802,ANGELA,HERNANDEZ
803,ANGELA,HERNANDEZ
804,ANGELA,HERNANDEZ
805,ANGELA,HERNANDEZ
806,ANGELA,HERNANDEZ
807,ANGELA,HERNANDEZ
808,ANGELA,HERNANDEZ
809,ANGELA,HERNANDEZ
810,ANGELA,HERNANDEZ
811,ANGELA,HERNANDEZ
812,ANGELA,HERNANDEZ
813,ANGELA,HERNANDEZ
814,ANGELA,HERNANDEZ
815,ANGELA,HERNANDEZ
816,ANGELA,HERNANDEZ
817,ANGELA,HERNANDEZ
818,MELISSA,KING
819,MELISSA,KING
820,MELISSA,KING
821,MELISSA,KING
822,MELISSA,KING
823,MELISSA,KING
824,MELISSA,KING
825,MELISSA,KING
826,MELISSA,KING
827,MELISSA,KING
828,MELISSA,KING
829,MELISSA,KING
830,MELISSA,KING
831,MELISSA,KING
832,MELISSA,KING
833,MELISSA,KING
834,MELISSA,KING
835,MELISSA,KING
836,MELISSA,KING
837,MELISSA,KING
838,MELISSA,KING
839,MELISSA,KING
840,MELISSA,KING
841,MELISSA,KING
842,MELISSA,KING
843,MELISSA,KING
844,MELISSA,KING
845,MELISSA,KING
846,MELISSA,KING
847,MELISSA,KING
848,MELISSA,KING
849,MELISSA,KING
850,MELISSA,KING
851,MELISSA,KING
852,BRENDA,WRIGHT
853,BRENDA,WRIGHT
854,BRENDA,WRIGHT
855,BRENDA,WRIGHT
856,BRENDA,WRIGHT
857,BRENDA,WRIGHT
858,BRENDA,WRIGHT
859,BRENDA,WRIGHT
860,BRENDA,WRIGHT
861,BRENDA,WRIGHT
862,BRENDA,WRIGHT
863,BRENDA,WRIGHT
864,BRENDA,WRIGHT
865,BRENDA,WRIGHT
866,BRENDA,WRIGHT
867,BRENDA,WRIGHT
868,BRENDA,WRIGHT
869,BRENDA,WRIGHT
870,BRENDA,WRIGHT
871,BRENDA,WRIGHT
872,BRENDA,WRIGHT
873,BRENDA,WRIGHT
874,BRENDA,WRIGHT
875,BRENDA,WRIGHT
876,BRENDA,WRIGHT
877,BRENDA,WRIGHT
878,AMY,LOPEZ
879,AMY,LOPEZ
880,AMY,LOPEZ
881,AMY,LOPEZ
882,AMY,LOPEZ
883,AMY,LOPEZ
884,AMY,LOPEZ
885,AMY,LOPEZ
886,AMY,LOPEZ
887,AMY,LOPEZ
888,AMY,LOPEZ
889,AMY,LOPEZ
890,AMY,LOPEZ
891,AMY,LOPEZ
892,AMY,LOPEZ
893,AMY,LOPEZ
894,AMY,LOPEZ
895,AMY,LOPEZ
896,AMY,LOPEZ
897,AMY,LOPEZ
898,AMY,LOPEZ
899,AMY,LOPEZ
900,AMY,LOPEZ
901,AMY,LOPEZ
902,AMY,LOPEZ
903,AMY,LOPEZ
904,AMY,LOPEZ
905,AMY,LOPEZ
906,AMY,LOPEZ
907,ANNA,HILL
908,ANNA,HILL
909,ANNA,HILL
910,ANNA,HILL
911,ANNA,HILL
912,ANNA,HILL
913,ANNA,HILL
914,ANNA,HILL
915,ANNA,HILL
916,ANNA,HILL
917,ANNA,HILL
918,ANNA,HILL
919,ANNA,HILL
920,ANNA,HILL
921,ANNA,HILL
922,ANNA,HILL
923,ANNA,HILL
924,ANNA,HILL
925,ANNA,HILL
926,ANNA,HILL
927,ANNA,HILL
928,REBECCA,SCOTT
929,REBECCA,SCOTT
930,REBECCA,SCOTT
931,REBECCA,SCOTT
932,REBECCA,SCOTT
933,REBECCA,SCOTT
934,REBECCA,SCOTT
935,REBECCA,SCOTT
936,REBECCA,SCOTT
937,REBECCA,SCOTT
938,REBECCA,SCOTT
939,REBECCA,SCOTT
940,REBECCA,SCOTT
941,REBECCA,SCOTT
942,REBECCA,SCOTT
943,REBECCA,SCOTT
944,REBECCA,SCOTT
945,REBECCA,SCOTT
946,REBECCA,SCOTT
947,REBECCA,SCOTT
948,REBECCA,SCOTT
949,REBECCA,SCOTT
950,REBECCA,SCOTT
951,REBECCA,SCOTT
952,VIRGINIA,GREEN
953,VIRGINIA,GREEN
954,VIRGINIA,GREEN
955,VIRGINIA,GREEN
956,VIRGINIA,GREEN
957,VIRGINIA,GREEN
958,VIRGINIA,GREEN
959,VIRGINIA,GREEN
960,VIRGINIA,GREEN
961,VIRGINIA,GREEN
962,VIRGINIA,GREEN
963,VIRGINIA,GREEN
964,VIRGINIA,GREEN
965,VIRGINIA,GREEN
966,VIRGINIA,GREEN
967,VIRGINIA,GREEN
968,VIRGINIA,GREEN
969,VIRGINIA,GREEN
970,VIRGINIA,GREEN
971,VIRGINIA,GREEN
972,VIRGINIA,GREEN
973,VIRGINIA,GREEN
974,VIRGINIA,GREEN
975,VIRGINIA,GREEN
976,VIRGINIA,GREEN
977,VIRGINIA,GREEN
978,VIRGINIA,GREEN
979,VIRGINIA,GREEN
980,VIRGINIA,GREEN
981,VIRGINIA,GREEN
982,VIRGINIA,GREEN
983,VIRGINIA,GREEN
984,KATHLEEN,ADAMS
985,KATHLEEN,ADAMS
986,KATHLEEN,ADAMS
987,KATHLEEN,ADAMS
988,KATHLEEN,ADAMS
989,KATHLEEN,ADAMS
990,KATHLEEN,ADAMS
991,KATHLEEN,ADAMS
992,KATHLEEN,ADAMS
993,KATHLEEN,ADAMS
994,KATHLEEN,ADAMS
995,KATHLEEN,ADAMS
996,KATHLEEN,ADAMS
997,KATHLEEN,ADAMS
998,KATHLEEN,ADAMS
999,KATHLEEN,ADAMS
1000,KATHLEEN,ADAMS
1001,KATHLEEN,ADAMS
