first_name,last_name,first_name,last_name,title
PENELOPE,GUINESS,CHRISTIAN,GABLE,"ACADEMY DINOSAUR"
PENELOPE,GUINESS,LUCILLE,TRACY,"ACADEMY DINOSAUR"
PENELOPE,GUINESS,SANDRA,PECK,"ACADEMY DINOSAUR"
PENELOPE,GUINESS,JOHNNY,CAGE,"ACADEMY DINOSAUR"
PENELOPE,GUINESS,MENA,TEMPLE,"ACADEMY DINOSAUR"
PENELOPE,GUINESS,WARREN,NOLTE,"ACADEMY DINOSAUR"
PENELOPE,GUINESS,OPRAH,KILMER,"ACADEMY DINOSAUR"
PENELOPE,GUINESS,ROCK,DUKAKIS,"ACADEMY DINOSAUR"
PENELOPE,GUINESS,MARY,KEITEL,"ACADEMY DINOSAUR"
CHRISTIAN,GABLE,LUCILLE,TRACY,"ACADEMY DINOSAUR"
CHRISTIAN,GABLE,SANDRA,PECK,"ACADEMY DINOSAUR"
CHRISTIAN,GABLE,JOHNNY,CAGE,"ACADEMY DINOSAUR"
CHRISTIAN,GABLE,MENA,TEMPLE,"ACADEMY DINOSAUR"
CHRISTIAN,GABLE,WARREN,NOLTE,"ACADEMY DINOSAUR"
CHRISTIAN,GABLE,OPRAH,KILMER,"ACADEMY DINOSAUR"
CHRISTIAN,GABLE,ROCK,DUKAKIS,"ACADEMY DINOSAUR"
CHRISTIAN,GABLE,MARY,KEITEL,"ACADEMY DINOSAUR"
LUCILLE,TRACY,SANDRA,PECK,"ACADEMY DINOSAUR"
LUCILLE,TRACY,JOHNNY,CAGE,"ACADEMY DINOSAUR"
LUCILLE,TRACY,MENA,TEMPLE,"ACADEMY DINOSAUR"
LUCILLE,TRACY,WARREN,NOLTE,"ACADEMY DINOSAUR"
LUCILLE,TRACY,OPRAH,KILMER,"ACADEMY DINOSAUR"
LUCILLE,TRACY,ROCK,DUKAKIS,"ACADEMY DINOSAUR"
LUCILLE,TRACY,MARY,KEITEL,"ACADEMY DINOSAUR"
SANDRA,PECK,JOHNNY,CAGE,"ACADEMY DINOSAUR"
SANDRA,PECK,MENA,TEMPLE,"ACADEMY DINOSAUR"
SANDRA,PECK,WARREN,NOLTE,"ACADEMY DINOSAUR"
SANDRA,PECK,OPRAH,KILMER,"ACADEMY DINOSAUR"
SANDRA,PECK,ROCK,DUKAKIS,"ACADEMY DINOSAUR"
SANDRA,PECK,MARY,KEITEL,"ACADEMY DINOSAUR"
JOHNNY,CAGE,MENA,TEMPLE,"ACADEMY DINOSAUR"
JOHNNY,CAGE,WARREN,NOLTE,"ACADEMY DINOSAUR"
JOHNNY,CAGE,OPRAH,KILMER,"ACADEMY DINOSAUR"
JOHNNY,CAGE,ROCK,DUKAKIS,"ACADEMY DINOSAUR"
JOHNNY,CAGE,MARY,KEITEL,"ACADEMY DINOSAUR"
MENA,TEMPLE,WARREN,NOLTE,"ACADEMY DINOSAUR"
MENA,TEMPLE,OPRAH,KILMER,"ACADEMY DINOSAUR"
MENA,TEMPLE,ROCK,DUKAKIS,"ACADEMY DINOSAUR"
MENA,TEMPLE,MARY,KEITEL,"ACADEMY DINOSAUR"
WARREN,NOLTE,OPRAH,KILMER,"ACADEMY DINOSAUR"
WARREN,NOLTE,ROCK,DUKAKIS,"ACADEMY DINOSAUR"
WARREN,NOLTE,MARY,KEITEL,"ACADEMY DINOSAUR"
OPRAH,KILMER,ROCK,DUKAKIS,"ACADEMY DINOSAUR"
OPRAH,KILMER,MARY,KEITEL,"ACADEMY DINOSAUR"
ROCK,DUKAKIS,MARY,KEITEL,"ACADEMY DINOSAUR"
BOB,FAWCETT,MINNIE,ZELLWEGER,"ACE GOLDFINGER"
BOB,FAWCETT,SEAN,GUINESS,"ACE GOLDFINGER"
BOB,FAWCETT,CHRIS,DEPP,"ACE GOLDFINGER"
MINNIE,ZELLWEGER,SEAN,GUINESS,"ACE GOLDFINGER"
MINNIE,ZELLWEGER,CHRIS,DEPP,"ACE GOLDFINGER"
SEAN,GUINESS,CHRIS,DEPP,"ACE GOLDFINGER"
NICK,WAHLBERG,BOB,FAWCETT,"ADAPTATION HOLES"
NICK,WAHLBERG,CAMERON,STREEP,"ADAPTATION HOLES"
NICK,WAHLBERG,RAY,JOHANSSON,"ADAPTATION HOLES"
NICK,WAHLBERG,JULIANNE,DENCH,"ADAPTATION HOLES"
BOB,FAWCETT,CAMERON,STREEP,"ADAPTATION HOLES"
BOB,FAWCETT,RAY,JOHANSSON,"ADAPTATION HOLES"
BOB,FAWCETT,JULIANNE,DENCH,"ADAPTATION HOLES"
CAMERON,STREEP,RAY,JOHANSSON,"ADAPTATION HOLES"
CAMERON,STREEP,JULIANNE,DENCH,"ADAPTATION HOLES"
RAY,JOHANSSON,JULIANNE,DENCH,"ADAPTATION HOLES"
JODIE,DEGENERES,SCARLETT,DAMON,"AFFAIR PREJUDICE"
JODIE,DEGENERES,KENNETH,PESCI,"AFFAIR PREJUDICE"
JODIE,DEGENERES,FAY,WINSLET,"AFFAIR PREJUDICE"
JODIE,DEGENERES,OPRAH,KILMER,"AFFAIR PREJUDICE"
SCARLETT,DAMON,KENNETH,PESCI,"AFFAIR PREJUDICE"
SCARLETT,DAMON,FAY,WINSLET,"AFFAIR PREJUDICE"
SCARLETT,DAMON,OPRAH,KILMER,"AFFAIR PREJUDICE"
KENNETH,PESCI,FAY,WINSLET,"AFFAIR PREJUDICE"
KENNETH,PESCI,OPRAH,KILMER,"AFFAIR PREJUDICE"
FAY,WINSLET,OPRAH,KILMER,"AFFAIR PREJUDICE"
GARY,PHOENIX,DUSTIN,TAUTOU,"AFRICAN EGG"
GARY,PHOENIX,MATTHEW,LEIGH,"AFRICAN EGG"
GARY,PHOENIX,MATTHEW,CARREY,"AFRICAN EGG"
GARY,PHOENIX,THORA,TEMPLE,"AFRICAN EGG"
DUSTIN,TAUTOU,MATTHEW,LEIGH,"AFRICAN EGG"
DUSTIN,TAUTOU,MATTHEW,CARREY,"AFRICAN EGG"
DUSTIN,TAUTOU,THORA,TEMPLE,"AFRICAN EGG"
MATTHEW,LEIGH,MATTHEW,CARREY,"AFRICAN EGG"
MATTHEW,LEIGH,THORA,TEMPLE,"AFRICAN EGG"
MATTHEW,CARREY,THORA,TEMPLE,"AFRICAN EGG"
KIRSTEN,PALTROW,SANDRA,KILMER,"AGENT TRUMAN"
KIRSTEN,PALTROW,JAYNE,NEESON,"AGENT TRUMAN"
KIRSTEN,PALTROW,WARREN,NOLTE,"AGENT TRUMAN"
KIRSTEN,PALTROW,MORGAN,WILLIAMS,"AGENT TRUMAN"
KIRSTEN,PALTROW,KENNETH,HOFFMAN,"AGENT TRUMAN"
KIRSTEN,PALTROW,REESE,WEST,"AGENT TRUMAN"
SANDRA,KILMER,JAYNE,NEESON,"AGENT TRUMAN"
SANDRA,KILMER,WARREN,NOLTE,"AGENT TRUMAN"
SANDRA,KILMER,MORGAN,WILLIAMS,"AGENT TRUMAN"
SANDRA,KILMER,KENNETH,HOFFMAN,"AGENT TRUMAN"
SANDRA,KILMER,REESE,WEST,"AGENT TRUMAN"
JAYNE,NEESON,WARREN,NOLTE,"AGENT TRUMAN"
JAYNE,NEESON,MORGAN,WILLIAMS,"AGENT TRUMAN"
JAYNE,NEESON,KENNETH,HOFFMAN,"AGENT TRUMAN"
JAYNE,NEESON,REESE,WEST,"AGENT TRUMAN"
WARREN,NOLTE,MORGAN,WILLIAMS,"AGENT TRUMAN"
WARREN,NOLTE,KENNETH,HOFFMAN,"AGENT TRUMAN"
WARREN,NOLTE,REESE,WEST,"AGENT TRUMAN"
MORGAN,WILLIAMS,KENNETH,HOFFMAN,"AGENT TRUMAN"
MORGAN,WILLIAMS,REESE,WEST,"AGENT TRUMAN"
KENNETH,HOFFMAN,REESE,WEST,"AGENT TRUMAN"
JIM,MOSTEL,RICHARD,PENN,"AIRPLANE SIERRA"
JIM,MOSTEL,OPRAH,KILMER,"AIRPLANE SIERRA"
JIM,MOSTEL,MENA,HOPPER,"AIRPLANE SIERRA"
JIM,MOSTEL,MICHAEL,BOLGER,"AIRPLANE SIERRA"
RICHARD,PENN,OPRAH,KILMER,"AIRPLANE SIERRA"
RICHARD,PENN,MENA,HOPPER,"AIRPLANE SIERRA"
RICHARD,PENN,MICHAEL,BOLGER,"AIRPLANE SIERRA"
OPRAH,KILMER,MENA,HOPPER,"AIRPLANE SIERRA"
OPRAH,KILMER,MICHAEL,BOLGER,"AIRPLANE SIERRA"
MENA,HOPPER,MICHAEL,BOLGER,"AIRPLANE SIERRA"
FAY,KILMER,GENE,WILLIS,"AIRPORT POLLOCK"
FAY,KILMER,SUSAN,DAVIS,"AIRPORT POLLOCK"
FAY,KILMER,LUCILLE,DEE,"AIRPORT POLLOCK"
GENE,WILLIS,SUSAN,DAVIS,"AIRPORT POLLOCK"
GENE,WILLIS,LUCILLE,DEE,"AIRPORT POLLOCK"
SUSAN,DAVIS,LUCILLE,DEE,"AIRPORT POLLOCK"
CHRISTIAN,GABLE,ELVIS,MARX,"ALABAMA DEVIL"
CHRISTIAN,GABLE,RIP,CRAWFORD,"ALABAMA DEVIL"
CHRISTIAN,GABLE,MENA,TEMPLE,"ALABAMA DEVIL"
CHRISTIAN,GABLE,RIP,WINSLET,"ALABAMA DEVIL"
CHRISTIAN,GABLE,WARREN,NOLTE,"ALABAMA DEVIL"
CHRISTIAN,GABLE,GRETA,KEITEL,"ALABAMA DEVIL"
CHRISTIAN,GABLE,WILLIAM,HACKMAN,"ALABAMA DEVIL"
CHRISTIAN,GABLE,MERYL,ALLEN,"ALABAMA DEVIL"
ELVIS,MARX,RIP,CRAWFORD,"ALABAMA DEVIL"
ELVIS,MARX,MENA,TEMPLE,"ALABAMA DEVIL"
ELVIS,MARX,RIP,WINSLET,"ALABAMA DEVIL"
ELVIS,MARX,WARREN,NOLTE,"ALABAMA DEVIL"
ELVIS,MARX,GRETA,KEITEL,"ALABAMA DEVIL"
ELVIS,MARX,WILLIAM,HACKMAN,"ALABAMA DEVIL"
ELVIS,MARX,MERYL,ALLEN,"ALABAMA DEVIL"
RIP,CRAWFORD,MENA,TEMPLE,"ALABAMA DEVIL"
RIP,CRAWFORD,RIP,WINSLET,"ALABAMA DEVIL"
RIP,CRAWFORD,WARREN,NOLTE,"ALABAMA DEVIL"
RIP,CRAWFORD,GRETA,KEITEL,"ALABAMA DEVIL"
RIP,CRAWFORD,WILLIAM,HACKMAN,"ALABAMA DEVIL"
RIP,CRAWFORD,MERYL,ALLEN,"ALABAMA DEVIL"
MENA,TEMPLE,RIP,WINSLET,"ALABAMA DEVIL"
MENA,TEMPLE,WARREN,NOLTE,"ALABAMA DEVIL"
MENA,TEMPLE,GRETA,KEITEL,"ALABAMA DEVIL"
MENA,TEMPLE,WILLIAM,HACKMAN,"ALABAMA DEVIL"
MENA,TEMPLE,MERYL,ALLEN,"ALABAMA DEVIL"
RIP,WINSLET,WARREN,NOLTE,"ALABAMA DEVIL"
RIP,WINSLET,GRETA,KEITEL,"ALABAMA DEVIL"
RIP,WINSLET,WILLIAM,HACKMAN,"ALABAMA DEVIL"
RIP,WINSLET,MERYL,ALLEN,"ALABAMA DEVIL"
WARREN,NOLTE,GRETA,KEITEL,"ALABAMA DEVIL"
WARREN,NOLTE,WILLIAM,HACKMAN,"ALABAMA DEVIL"
WARREN,NOLTE,MERYL,ALLEN,"ALABAMA DEVIL"
GRETA,KEITEL,WILLIAM,HACKMAN,"ALABAMA DEVIL"
GRETA,KEITEL,MERYL,ALLEN,"ALABAMA DEVIL"
WILLIAM,HACKMAN,MERYL,ALLEN,"ALABAMA DEVIL"
ALEC,WAYNE,JUDY,DEAN,"ALADDIN CALENDAR"
ALEC,WAYNE,VAL,BOLGER,"ALADDIN CALENDAR"
ALEC,WAYNE,RAY,JOHANSSON,"ALADDIN CALENDAR"
ALEC,WAYNE,RENEE,TRACY,"ALADDIN CALENDAR"
ALEC,WAYNE,JADA,RYDER,"ALADDIN CALENDAR"
ALEC,WAYNE,GRETA,MALDEN,"ALADDIN CALENDAR"
ALEC,WAYNE,ROCK,DUKAKIS,"ALADDIN CALENDAR"
JUDY,DEAN,VAL,BOLGER,"ALADDIN CALENDAR"
JUDY,DEAN,RAY,JOHANSSON,"ALADDIN CALENDAR"
JUDY,DEAN,RENEE,TRACY,"ALADDIN CALENDAR"
JUDY,DEAN,JADA,RYDER,"ALADDIN CALENDAR"
JUDY,DEAN,GRETA,MALDEN,"ALADDIN CALENDAR"
JUDY,DEAN,ROCK,DUKAKIS,"ALADDIN CALENDAR"
VAL,BOLGER,RAY,JOHANSSON,"ALADDIN CALENDAR"
VAL,BOLGER,RENEE,TRACY,"ALADDIN CALENDAR"
VAL,BOLGER,JADA,RYDER,"ALADDIN CALENDAR"
VAL,BOLGER,GRETA,MALDEN,"ALADDIN CALENDAR"
VAL,BOLGER,ROCK,DUKAKIS,"ALADDIN CALENDAR"
RAY,JOHANSSON,RENEE,TRACY,"ALADDIN CALENDAR"
RAY,JOHANSSON,JADA,RYDER,"ALADDIN CALENDAR"
RAY,JOHANSSON,GRETA,MALDEN,"ALADDIN CALENDAR"
RAY,JOHANSSON,ROCK,DUKAKIS,"ALADDIN CALENDAR"
RENEE,TRACY,JADA,RYDER,"ALADDIN CALENDAR"
RENEE,TRACY,GRETA,MALDEN,"ALADDIN CALENDAR"
RENEE,TRACY,ROCK,DUKAKIS,"ALADDIN CALENDAR"
JADA,RYDER,GRETA,MALDEN,"ALADDIN CALENDAR"
JADA,RYDER,ROCK,DUKAKIS,"ALADDIN CALENDAR"
GRETA,MALDEN,ROCK,DUKAKIS,"ALADDIN CALENDAR"
JOHNNY,CAGE,SCARLETT,DAMON,"ALAMO VIDEOTAPE"
JOHNNY,CAGE,SEAN,GUINESS,"ALAMO VIDEOTAPE"
JOHNNY,CAGE,MICHAEL,BENING,"ALAMO VIDEOTAPE"
SCARLETT,DAMON,SEAN,GUINESS,"ALAMO VIDEOTAPE"
SCARLETT,DAMON,MICHAEL,BENING,"ALAMO VIDEOTAPE"
SEAN,GUINESS,MICHAEL,BENING,"ALAMO VIDEOTAPE"
VAL,BOLGER,BURT,POSEY,"ALASKA PHANTOM"
VAL,BOLGER,SIDNEY,CROWE,"ALASKA PHANTOM"
VAL,BOLGER,SYLVESTER,DERN,"ALASKA PHANTOM"
VAL,BOLGER,ALBERT,JOHANSSON,"ALASKA PHANTOM"
VAL,BOLGER,GENE,MCKELLEN,"ALASKA PHANTOM"
VAL,BOLGER,JEFF,SILVERSTONE,"ALASKA PHANTOM"
BURT,POSEY,SIDNEY,CROWE,"ALASKA PHANTOM"
BURT,POSEY,SYLVESTER,DERN,"ALASKA PHANTOM"
BURT,POSEY,ALBERT,JOHANSSON,"ALASKA PHANTOM"
BURT,POSEY,GENE,MCKELLEN,"ALASKA PHANTOM"
BURT,POSEY,JEFF,SILVERSTONE,"ALASKA PHANTOM"
SIDNEY,CROWE,SYLVESTER,DERN,"ALASKA PHANTOM"
SIDNEY,CROWE,ALBERT,JOHANSSON,"ALASKA PHANTOM"
SIDNEY,CROWE,GENE,MCKELLEN,"ALASKA PHANTOM"
SIDNEY,CROWE,JEFF,SILVERSTONE,"ALASKA PHANTOM"
SYLVESTER,DERN,ALBERT,JOHANSSON,"ALASKA PHANTOM"
SYLVESTER,DERN,GENE,MCKELLEN,"ALASKA PHANTOM"
SYLVESTER,DERN,JEFF,SILVERSTONE,"ALASKA PHANTOM"
ALBERT,JOHANSSON,GENE,MCKELLEN,"ALASKA PHANTOM"
ALBERT,JOHANSSON,JEFF,SILVERSTONE,"ALASKA PHANTOM"
GENE,MCKELLEN,JEFF,SILVERSTONE,"ALASKA PHANTOM"
CARY,MCCONAUGHEY,CHRISTOPHER,BERRY,"ALI FOREVER"
CARY,MCCONAUGHEY,KENNETH,TORN,"ALI FOREVER"
CARY,MCCONAUGHEY,MORGAN,MCDORMAND,"ALI FOREVER"
CARY,MCCONAUGHEY,JON,CHASE,"ALI FOREVER"
CHRISTOPHER,BERRY,KENNETH,TORN,"ALI FOREVER"
CHRISTOPHER,BERRY,MORGAN,MCDORMAND,"ALI FOREVER"
CHRISTOPHER,BERRY,JON,CHASE,"ALI FOREVER"
KENNETH,TORN,MORGAN,MCDORMAND,"ALI FOREVER"
KENNETH,TORN,JON,CHASE,"ALI FOREVER"
MORGAN,MCDORMAND,JON,CHASE,"ALI FOREVER"
WOODY,HOFFMAN,MINNIE,ZELLWEGER,"ALICE FANTASIA"
WOODY,HOFFMAN,MORGAN,WILLIAMS,"ALICE FANTASIA"
WOODY,HOFFMAN,ROCK,DUKAKIS,"ALICE FANTASIA"
MINNIE,ZELLWEGER,MORGAN,WILLIAMS,"ALICE FANTASIA"
MINNIE,ZELLWEGER,ROCK,DUKAKIS,"ALICE FANTASIA"
MORGAN,WILLIAMS,ROCK,DUKAKIS,"ALICE FANTASIA"
BURT,DUKAKIS,KENNETH,PALTROW,"ALIEN CENTER"
BURT,DUKAKIS,SIDNEY,CROWE,"ALIEN CENTER"
BURT,DUKAKIS,RENEE,TRACY,"ALIEN CENTER"
BURT,DUKAKIS,HUMPHREY,WILLIS,"ALIEN CENTER"
BURT,DUKAKIS,MENA,HOPPER,"ALIEN CENTER"
KENNETH,PALTROW,SIDNEY,CROWE,"ALIEN CENTER"
KENNETH,PALTROW,RENEE,TRACY,"ALIEN CENTER"
KENNETH,PALTROW,HUMPHREY,WILLIS,"ALIEN CENTER"
KENNETH,PALTROW,MENA,HOPPER,"ALIEN CENTER"
SIDNEY,CROWE,RENEE,TRACY,"ALIEN CENTER"
SIDNEY,CROWE,HUMPHREY,WILLIS,"ALIEN CENTER"
SIDNEY,CROWE,MENA,HOPPER,"ALIEN CENTER"
RENEE,TRACY,HUMPHREY,WILLIS,"ALIEN CENTER"
RENEE,TRACY,MENA,HOPPER,"ALIEN CENTER"
HUMPHREY,WILLIS,MENA,HOPPER,"ALIEN CENTER"
KARL,BERRY,JUDE,CRUISE,"ALLEY EVOLUTION"
KARL,BERRY,ALBERT,JOHANSSON,"ALLEY EVOLUTION"
KARL,BERRY,GREGORY,GOODING,"ALLEY EVOLUTION"
KARL,BERRY,JOHN,SUVARI,"ALLEY EVOLUTION"
JUDE,CRUISE,ALBERT,JOHANSSON,"ALLEY EVOLUTION"
JUDE,CRUISE,GREGORY,GOODING,"ALLEY EVOLUTION"
JUDE,CRUISE,JOHN,SUVARI,"ALLEY EVOLUTION"
ALBERT,JOHANSSON,GREGORY,GOODING,"ALLEY EVOLUTION"
ALBERT,JOHANSSON,JOHN,SUVARI,"ALLEY EVOLUTION"
GREGORY,GOODING,JOHN,SUVARI,"ALLEY EVOLUTION"
ED,CHASE,KARL,BERRY,"ALONE TRIP"
ED,CHASE,UMA,WOOD,"ALONE TRIP"
ED,CHASE,WOODY,JOLIE,"ALONE TRIP"
ED,CHASE,SPENCER,DEPP,"ALONE TRIP"
ED,CHASE,CHRIS,DEPP,"ALONE TRIP"
ED,CHASE,LAURENCE,BULLOCK,"ALONE TRIP"
ED,CHASE,RENEE,BALL,"ALONE TRIP"
KARL,BERRY,UMA,WOOD,"ALONE TRIP"
KARL,BERRY,WOODY,JOLIE,"ALONE TRIP"
KARL,BERRY,SPENCER,DEPP,"ALONE TRIP"
KARL,BERRY,CHRIS,DEPP,"ALONE TRIP"
KARL,BERRY,LAURENCE,BULLOCK,"ALONE TRIP"
KARL,BERRY,RENEE,BALL,"ALONE TRIP"
UMA,WOOD,WOODY,JOLIE,"ALONE TRIP"
UMA,WOOD,SPENCER,DEPP,"ALONE TRIP"
UMA,WOOD,CHRIS,DEPP,"ALONE TRIP"
UMA,WOOD,LAURENCE,BULLOCK,"ALONE TRIP"
UMA,WOOD,RENEE,BALL,"ALONE TRIP"
WOODY,JOLIE,SPENCER,DEPP,"ALONE TRIP"
WOODY,JOLIE,CHRIS,DEPP,"ALONE TRIP"
WOODY,JOLIE,LAURENCE,BULLOCK,"ALONE TRIP"
WOODY,JOLIE,RENEE,BALL,"ALONE TRIP"
SPENCER,DEPP,CHRIS,DEPP,"ALONE TRIP"
SPENCER,DEPP,LAURENCE,BULLOCK,"ALONE TRIP"
SPENCER,DEPP,RENEE,BALL,"ALONE TRIP"
CHRIS,DEPP,LAURENCE,BULLOCK,"ALONE TRIP"
CHRIS,DEPP,RENEE,BALL,"ALONE TRIP"
LAURENCE,BULLOCK,RENEE,BALL,"ALONE TRIP"
REESE,KILMER,JADA,RYDER,"ALTER VICTORY"
REESE,KILMER,ANGELA,WITHERSPOON,"ALTER VICTORY"
REESE,KILMER,OPRAH,KILMER,"ALTER VICTORY"
JADA,RYDER,ANGELA,WITHERSPOON,"ALTER VICTORY"
JADA,RYDER,OPRAH,KILMER,"ALTER VICTORY"
ANGELA,WITHERSPOON,OPRAH,KILMER,"ALTER VICTORY"
JOHNNY,LOLLOBRIGIDA,JULIA,MCQUEEN,"AMADEUS HOLY"
JOHNNY,LOLLOBRIGIDA,VAL,BOLGER,"AMADEUS HOLY"
JOHNNY,LOLLOBRIGIDA,KIRK,JOVOVICH,"AMADEUS HOLY"
JOHNNY,LOLLOBRIGIDA,JAMES,PITT,"AMADEUS HOLY"
JOHNNY,LOLLOBRIGIDA,PENELOPE,CRONYN,"AMADEUS HOLY"
JULIA,MCQUEEN,VAL,BOLGER,"AMADEUS HOLY"
JULIA,MCQUEEN,KIRK,JOVOVICH,"AMADEUS HOLY"
JULIA,MCQUEEN,JAMES,PITT,"AMADEUS HOLY"
JULIA,MCQUEEN,PENELOPE,CRONYN,"AMADEUS HOLY"
VAL,BOLGER,KIRK,JOVOVICH,"AMADEUS HOLY"
VAL,BOLGER,JAMES,PITT,"AMADEUS HOLY"
VAL,BOLGER,PENELOPE,CRONYN,"AMADEUS HOLY"
KIRK,JOVOVICH,JAMES,PITT,"AMADEUS HOLY"
KIRK,JOVOVICH,PENELOPE,CRONYN,"AMADEUS HOLY"
JAMES,PITT,PENELOPE,CRONYN,"AMADEUS HOLY"
CARMEN,HUNT,WALTER,TORN,"AMELIE HELLFIGHTERS"
CARMEN,HUNT,ED,MANSFIELD,"AMELIE HELLFIGHTERS"
CARMEN,HUNT,EWAN,GOODING,"AMELIE HELLFIGHTERS"
CARMEN,HUNT,IAN,TANDY,"AMELIE HELLFIGHTERS"
CARMEN,HUNT,LAURA,BRODY,"AMELIE HELLFIGHTERS"
WALTER,TORN,ED,MANSFIELD,"AMELIE HELLFIGHTERS"
WALTER,TORN,EWAN,GOODING,"AMELIE HELLFIGHTERS"
WALTER,TORN,IAN,TANDY,"AMELIE HELLFIGHTERS"
WALTER,TORN,LAURA,BRODY,"AMELIE HELLFIGHTERS"
ED,MANSFIELD,EWAN,GOODING,"AMELIE HELLFIGHTERS"
ED,MANSFIELD,IAN,TANDY,"AMELIE HELLFIGHTERS"
ED,MANSFIELD,LAURA,BRODY,"AMELIE HELLFIGHTERS"
EWAN,GOODING,IAN,TANDY,"AMELIE HELLFIGHTERS"
EWAN,GOODING,LAURA,BRODY,"AMELIE HELLFIGHTERS"
IAN,TANDY,LAURA,BRODY,"AMELIE HELLFIGHTERS"
KEVIN,BLOOM,RIP,CRAWFORD,"AMERICAN CIRCUS"
KEVIN,BLOOM,SIDNEY,CROWE,"AMERICAN CIRCUS"
KEVIN,BLOOM,WARREN,JACKMAN,"AMERICAN CIRCUS"
KEVIN,BLOOM,FRANCES,TOMEI,"AMERICAN CIRCUS"
RIP,CRAWFORD,SIDNEY,CROWE,"AMERICAN CIRCUS"
RIP,CRAWFORD,WARREN,JACKMAN,"AMERICAN CIRCUS"
RIP,CRAWFORD,FRANCES,TOMEI,"AMERICAN CIRCUS"
SIDNEY,CROWE,WARREN,JACKMAN,"AMERICAN CIRCUS"
SIDNEY,CROWE,FRANCES,TOMEI,"AMERICAN CIRCUS"
WARREN,JACKMAN,FRANCES,TOMEI,"AMERICAN CIRCUS"
CARY,MCCONAUGHEY,DARYL,WAHLBERG,"AMISTAD MIDSUMMER"
CARY,MCCONAUGHEY,SALMA,NOLTE,"AMISTAD MIDSUMMER"
CARY,MCCONAUGHEY,SCARLETT,BENING,"AMISTAD MIDSUMMER"
DARYL,WAHLBERG,SALMA,NOLTE,"AMISTAD MIDSUMMER"
DARYL,WAHLBERG,SCARLETT,BENING,"AMISTAD MIDSUMMER"
SALMA,NOLTE,SCARLETT,BENING,"AMISTAD MIDSUMMER"
PENELOPE,GUINESS,JENNIFER,DAVIS,"ANACONDA CONFESSIONS"
PENELOPE,GUINESS,ELVIS,MARX,"ANACONDA CONFESSIONS"
PENELOPE,GUINESS,JAYNE,NOLTE,"ANACONDA CONFESSIONS"
PENELOPE,GUINESS,HUMPHREY,WILLIS,"ANACONDA CONFESSIONS"
JENNIFER,DAVIS,ELVIS,MARX,"ANACONDA CONFESSIONS"
JENNIFER,DAVIS,JAYNE,NOLTE,"ANACONDA CONFESSIONS"
JENNIFER,DAVIS,HUMPHREY,WILLIS,"ANACONDA CONFESSIONS"
ELVIS,MARX,JAYNE,NOLTE,"ANACONDA CONFESSIONS"
ELVIS,MARX,HUMPHREY,WILLIS,"ANACONDA CONFESSIONS"
JAYNE,NOLTE,HUMPHREY,WILLIS,"ANACONDA CONFESSIONS"
TOM,MCKELLEN,TOM,MIRANDA,"ANALYZE HOOSIERS"
TOM,MCKELLEN,JESSICA,BAILEY,"ANALYZE HOOSIERS"
TOM,MCKELLEN,GRETA,MALDEN,"ANALYZE HOOSIERS"
TOM,MCKELLEN,ED,GUINESS,"ANALYZE HOOSIERS"
TOM,MIRANDA,JESSICA,BAILEY,"ANALYZE HOOSIERS"
TOM,MIRANDA,GRETA,MALDEN,"ANALYZE HOOSIERS"
TOM,MIRANDA,ED,GUINESS,"ANALYZE HOOSIERS"
JESSICA,BAILEY,GRETA,MALDEN,"ANALYZE HOOSIERS"
JESSICA,BAILEY,ED,GUINESS,"ANALYZE HOOSIERS"
GRETA,MALDEN,ED,GUINESS,"ANALYZE HOOSIERS"
PENELOPE,GUINESS,JENNIFER,DAVIS,"ANGELS LIFE"
PENELOPE,GUINESS,GRACE,MOSTEL,"ANGELS LIFE"
PENELOPE,GUINESS,JULIA,BARRYMORE,"ANGELS LIFE"
PENELOPE,GUINESS,CHRISTOPHER,BERRY,"ANGELS LIFE"
PENELOPE,GUINESS,ED,MANSFIELD,"ANGELS LIFE"
PENELOPE,GUINESS,NICK,DEGENERES,"ANGELS LIFE"
PENELOPE,GUINESS,LAURENCE,BULLOCK,"ANGELS LIFE"
PENELOPE,GUINESS,RENEE,BALL,"ANGELS LIFE"
JENNIFER,DAVIS,GRACE,MOSTEL,"ANGELS LIFE"
JENNIFER,DAVIS,JULIA,BARRYMORE,"ANGELS LIFE"
JENNIFER,DAVIS,CHRISTOPHER,BERRY,"ANGELS LIFE"
JENNIFER,DAVIS,ED,MANSFIELD,"ANGELS LIFE"
JENNIFER,DAVIS,NICK,DEGENERES,"ANGELS LIFE"
JENNIFER,DAVIS,LAURENCE,BULLOCK,"ANGELS LIFE"
JENNIFER,DAVIS,RENEE,BALL,"ANGELS LIFE"
GRACE,MOSTEL,JULIA,BARRYMORE,"ANGELS LIFE"
GRACE,MOSTEL,CHRISTOPHER,BERRY,"ANGELS LIFE"
GRACE,MOSTEL,ED,MANSFIELD,"ANGELS LIFE"
GRACE,MOSTEL,NICK,DEGENERES,"ANGELS LIFE"
GRACE,MOSTEL,LAURENCE,BULLOCK,"ANGELS LIFE"
GRACE,MOSTEL,RENEE,BALL,"ANGELS LIFE"
JULIA,BARRYMORE,CHRISTOPHER,BERRY,"ANGELS LIFE"
JULIA,BARRYMORE,ED,MANSFIELD,"ANGELS LIFE"
JULIA,BARRYMORE,NICK,DEGENERES,"ANGELS LIFE"
JULIA,BARRYMORE,LAURENCE,BULLOCK,"ANGELS LIFE"
JULIA,BARRYMORE,RENEE,BALL,"ANGELS LIFE"
CHRISTOPHER,BERRY,ED,MANSFIELD,"ANGELS LIFE"
CHRISTOPHER,BERRY,NICK,DEGENERES,"ANGELS LIFE"
CHRISTOPHER,BERRY,LAURENCE,BULLOCK,"ANGELS LIFE"
CHRISTOPHER,BERRY,RENEE,BALL,"ANGELS LIFE"
ED,MANSFIELD,NICK,DEGENERES,"ANGELS LIFE"
ED,MANSFIELD,LAURENCE,BULLOCK,"ANGELS LIFE"
ED,MANSFIELD,RENEE,BALL,"ANGELS LIFE"
NICK,DEGENERES,LAURENCE,BULLOCK,"ANGELS LIFE"
NICK,DEGENERES,RENEE,BALL,"ANGELS LIFE"
LAURENCE,BULLOCK,RENEE,BALL,"ANGELS LIFE"
ADAM,GRANT,CATE,MCQUEEN,"ANNIE IDENTITY"
ADAM,GRANT,GRETA,KEITEL,"ANNIE IDENTITY"
CATE,MCQUEEN,GRETA,KEITEL,"ANNIE IDENTITY"
GRACE,MOSTEL,FAY,KILMER,"ANONYMOUS HUMAN"
GRACE,MOSTEL,JIM,MOSTEL,"ANONYMOUS HUMAN"
GRACE,MOSTEL,SUSAN,DAVIS,"ANONYMOUS HUMAN"
GRACE,MOSTEL,WHOOPI,HURT,"ANONYMOUS HUMAN"
GRACE,MOSTEL,EMILY,DEE,"ANONYMOUS HUMAN"
GRACE,MOSTEL,MERYL,GIBSON,"ANONYMOUS HUMAN"
GRACE,MOSTEL,MENA,HOPPER,"ANONYMOUS HUMAN"
GRACE,MOSTEL,ED,GUINESS,"ANONYMOUS HUMAN"
FAY,KILMER,JIM,MOSTEL,"ANONYMOUS HUMAN"
FAY,KILMER,SUSAN,DAVIS,"ANONYMOUS HUMAN"
FAY,KILMER,WHOOPI,HURT,"ANONYMOUS HUMAN"
FAY,KILMER,EMILY,DEE,"ANONYMOUS HUMAN"
FAY,KILMER,MERYL,GIBSON,"ANONYMOUS HUMAN"
FAY,KILMER,MENA,HOPPER,"ANONYMOUS HUMAN"
FAY,KILMER,ED,GUINESS,"ANONYMOUS HUMAN"
JIM,MOSTEL,SUSAN,DAVIS,"ANONYMOUS HUMAN"
JIM,MOSTEL,WHOOPI,HURT,"ANONYMOUS HUMAN"
JIM,MOSTEL,EMILY,DEE,"ANONYMOUS HUMAN"
JIM,MOSTEL,MERYL,GIBSON,"ANONYMOUS HUMAN"
JIM,MOSTEL,MENA,HOPPER,"ANONYMOUS HUMAN"
JIM,MOSTEL,ED,GUINESS,"ANONYMOUS HUMAN"
SUSAN,DAVIS,WHOOPI,HURT,"ANONYMOUS HUMAN"
SUSAN,DAVIS,EMILY,DEE,"ANONYMOUS HUMAN"
SUSAN,DAVIS,MERYL,GIBSON,"ANONYMOUS HUMAN"
SUSAN,DAVIS,MENA,HOPPER,"ANONYMOUS HUMAN"
SUSAN,DAVIS,ED,GUINESS,"ANONYMOUS HUMAN"
WHOOPI,HURT,EMILY,DEE,"ANONYMOUS HUMAN"
WHOOPI,HURT,MERYL,GIBSON,"ANONYMOUS HUMAN"
WHOOPI,HURT,MENA,HOPPER,"ANONYMOUS HUMAN"
WHOOPI,HURT,ED,GUINESS,"ANONYMOUS HUMAN"
EMILY,DEE,MERYL,GIBSON,"ANONYMOUS HUMAN"
EMILY,DEE,MENA,HOPPER,"ANONYMOUS HUMAN"
EMILY,DEE,ED,GUINESS,"ANONYMOUS HUMAN"
MERYL,GIBSON,MENA,HOPPER,"ANONYMOUS HUMAN"
MERYL,GIBSON,ED,GUINESS,"ANONYMOUS HUMAN"
MENA,HOPPER,ED,GUINESS,"ANONYMOUS HUMAN"
MILLA,KEITEL,OPRAH,KILMER,"ANTHEM LUKE"
BETTE,NICHOLSON,UMA,WOOD,"ANTITRUST TOMATOES"
BETTE,NICHOLSON,SIDNEY,CROWE,"ANTITRUST TOMATOES"
BETTE,NICHOLSON,SALMA,NOLTE,"ANTITRUST TOMATOES"
BETTE,NICHOLSON,WILLIAM,HACKMAN,"ANTITRUST TOMATOES"
BETTE,NICHOLSON,RENEE,BALL,"ANTITRUST TOMATOES"
BETTE,NICHOLSON,REESE,WEST,"ANTITRUST TOMATOES"
UMA,WOOD,SIDNEY,CROWE,"ANTITRUST TOMATOES"
UMA,WOOD,SALMA,NOLTE,"ANTITRUST TOMATOES"
UMA,WOOD,WILLIAM,HACKMAN,"ANTITRUST TOMATOES"
UMA,WOOD,RENEE,BALL,"ANTITRUST TOMATOES"
UMA,WOOD,REESE,WEST,"ANTITRUST TOMATOES"
SIDNEY,CROWE,SALMA,NOLTE,"ANTITRUST TOMATOES"
SIDNEY,CROWE,WILLIAM,HACKMAN,"ANTITRUST TOMATOES"
SIDNEY,CROWE,RENEE,BALL,"ANTITRUST TOMATOES"
SIDNEY,CROWE,REESE,WEST,"ANTITRUST TOMATOES"
SALMA,NOLTE,WILLIAM,HACKMAN,"ANTITRUST TOMATOES"
SALMA,NOLTE,RENEE,BALL,"ANTITRUST TOMATOES"
SALMA,NOLTE,REESE,WEST,"ANTITRUST TOMATOES"
WILLIAM,HACKMAN,RENEE,BALL,"ANTITRUST TOMATOES"
WILLIAM,HACKMAN,REESE,WEST,"ANTITRUST TOMATOES"
RENEE,BALL,REESE,WEST,"ANTITRUST TOMATOES"
JOE,SWANK,CHRISTOPHER,WEST,"ANYTHING SAVANNAH"
JOE,SWANK,LISA,MONROE,"ANYTHING SAVANNAH"
CHRISTOPHER,WEST,LISA,MONROE,"ANYTHING SAVANNAH"
NICK,WAHLBERG,CUBA,OLIVIER,"APACHE DIVINE"
NICK,WAHLBERG,ANNE,CRONYN,"APACHE DIVINE"
NICK,WAHLBERG,HENRY,BERRY,"APACHE DIVINE"
CUBA,OLIVIER,ANNE,CRONYN,"APACHE DIVINE"
CUBA,OLIVIER,HENRY,BERRY,"APACHE DIVINE"
ANNE,CRONYN,HENRY,BERRY,"APACHE DIVINE"
MAE,HOFFMAN,VIVIEN,BASINGER,"APOCALYPSE FLAMINGOS"
MAE,HOFFMAN,OPRAH,KILMER,"APOCALYPSE FLAMINGOS"
MAE,HOFFMAN,WILL,WILSON,"APOCALYPSE FLAMINGOS"
MAE,HOFFMAN,RUSSELL,CLOSE,"APOCALYPSE FLAMINGOS"
VIVIEN,BASINGER,OPRAH,KILMER,"APOCALYPSE FLAMINGOS"
VIVIEN,BASINGER,WILL,WILSON,"APOCALYPSE FLAMINGOS"
VIVIEN,BASINGER,RUSSELL,CLOSE,"APOCALYPSE FLAMINGOS"
OPRAH,KILMER,WILL,WILSON,"APOCALYPSE FLAMINGOS"
OPRAH,KILMER,RUSSELL,CLOSE,"APOCALYPSE FLAMINGOS"
WILL,WILSON,RUSSELL,CLOSE,"APOCALYPSE FLAMINGOS"
MAE,HOFFMAN,WOODY,JOLIE,"APOLLO TEEN"
MAE,HOFFMAN,ED,MANSFIELD,"APOLLO TEEN"
MAE,HOFFMAN,ALBERT,JOHANSSON,"APOLLO TEEN"
MAE,HOFFMAN,OPRAH,KILMER,"APOLLO TEEN"
MAE,HOFFMAN,MENA,HOPPER,"APOLLO TEEN"
MAE,HOFFMAN,JEFF,SILVERSTONE,"APOLLO TEEN"
MAE,HOFFMAN,DEBBIE,AKROYD,"APOLLO TEEN"
WOODY,JOLIE,ED,MANSFIELD,"APOLLO TEEN"
WOODY,JOLIE,ALBERT,JOHANSSON,"APOLLO TEEN"
WOODY,JOLIE,OPRAH,KILMER,"APOLLO TEEN"
WOODY,JOLIE,MENA,HOPPER,"APOLLO TEEN"
WOODY,JOLIE,JEFF,SILVERSTONE,"APOLLO TEEN"
WOODY,JOLIE,DEBBIE,AKROYD,"APOLLO TEEN"
ED,MANSFIELD,ALBERT,JOHANSSON,"APOLLO TEEN"
ED,MANSFIELD,OPRAH,KILMER,"APOLLO TEEN"
ED,MANSFIELD,MENA,HOPPER,"APOLLO TEEN"
ED,MANSFIELD,JEFF,SILVERSTONE,"APOLLO TEEN"
ED,MANSFIELD,DEBBIE,AKROYD,"APOLLO TEEN"
ALBERT,JOHANSSON,OPRAH,KILMER,"APOLLO TEEN"
ALBERT,JOHANSSON,MENA,HOPPER,"APOLLO TEEN"
ALBERT,JOHANSSON,JEFF,SILVERSTONE,"APOLLO TEEN"
ALBERT,JOHANSSON,DEBBIE,AKROYD,"APOLLO TEEN"
OPRAH,KILMER,MENA,HOPPER,"APOLLO TEEN"
OPRAH,KILMER,JEFF,SILVERSTONE,"APOLLO TEEN"
OPRAH,KILMER,DEBBIE,AKROYD,"APOLLO TEEN"
MENA,HOPPER,JEFF,SILVERSTONE,"APOLLO TEEN"
MENA,HOPPER,DEBBIE,AKROYD,"APOLLO TEEN"
JEFF,SILVERSTONE,DEBBIE,AKROYD,"APOLLO TEEN"
KARL,BERRY,RIP,CRAWFORD,"ARABIA DOGMA"
KARL,BERRY,JULIA,MCQUEEN,"ARABIA DOGMA"
KARL,BERRY,JOHNNY,CAGE,"ARABIA DOGMA"
KARL,BERRY,JUDE,CRUISE,"ARABIA DOGMA"
KARL,BERRY,SEAN,WILLIAMS,"ARABIA DOGMA"
KARL,BERRY,BURT,POSEY,"ARABIA DOGMA"
KARL,BERRY,WALTER,TORN,"ARABIA DOGMA"
KARL,BERRY,RUSSELL,BACALL,"ARABIA DOGMA"
KARL,BERRY,FRANCES,TOMEI,"ARABIA DOGMA"
KARL,BERRY,GRETA,MALDEN,"ARABIA DOGMA"
KARL,BERRY,LISA,MONROE,"ARABIA DOGMA"
RIP,CRAWFORD,JULIA,MCQUEEN,"ARABIA DOGMA"
RIP,CRAWFORD,JOHNNY,CAGE,"ARABIA DOGMA"
RIP,CRAWFORD,JUDE,CRUISE,"ARABIA DOGMA"
RIP,CRAWFORD,SEAN,WILLIAMS,"ARABIA DOGMA"
RIP,CRAWFORD,BURT,POSEY,"ARABIA DOGMA"
RIP,CRAWFORD,WALTER,TORN,"ARABIA DOGMA"
RIP,CRAWFORD,RUSSELL,BACALL,"ARABIA DOGMA"
RIP,CRAWFORD,FRANCES,TOMEI,"ARABIA DOGMA"
RIP,CRAWFORD,GRETA,MALDEN,"ARABIA DOGMA"
RIP,CRAWFORD,LISA,MONROE,"ARABIA DOGMA"
JULIA,MCQUEEN,JOHNNY,CAGE,"ARABIA DOGMA"
JULIA,MCQUEEN,JUDE,CRUISE,"ARABIA DOGMA"
JULIA,MCQUEEN,SEAN,WILLIAMS,"ARABIA DOGMA"
JULIA,MCQUEEN,BURT,POSEY,"ARABIA DOGMA"
JULIA,MCQUEEN,WALTER,TORN,"ARABIA DOGMA"
JULIA,MCQUEEN,RUSSELL,BACALL,"ARABIA DOGMA"
JULIA,MCQUEEN,FRANCES,TOMEI,"ARABIA DOGMA"
JULIA,MCQUEEN,GRETA,MALDEN,"ARABIA DOGMA"
JULIA,MCQUEEN,LISA,MONROE,"ARABIA DOGMA"
JOHNNY,CAGE,JUDE,CRUISE,"ARABIA DOGMA"
JOHNNY,CAGE,SEAN,WILLIAMS,"ARABIA DOGMA"
JOHNNY,CAGE,BURT,POSEY,"ARABIA DOGMA"
JOHNNY,CAGE,WALTER,TORN,"ARABIA DOGMA"
JOHNNY,CAGE,RUSSELL,BACALL,"ARABIA DOGMA"
JOHNNY,CAGE,FRANCES,TOMEI,"ARABIA DOGMA"
JOHNNY,CAGE,GRETA,MALDEN,"ARABIA DOGMA"
JOHNNY,CAGE,LISA,MONROE,"ARABIA DOGMA"
JUDE,CRUISE,SEAN,WILLIAMS,"ARABIA DOGMA"
JUDE,CRUISE,BURT,POSEY,"ARABIA DOGMA"
JUDE,CRUISE,WALTER,TORN,"ARABIA DOGMA"
JUDE,CRUISE,RUSSELL,BACALL,"ARABIA DOGMA"
JUDE,CRUISE,FRANCES,TOMEI,"ARABIA DOGMA"
JUDE,CRUISE,GRETA,MALDEN,"ARABIA DOGMA"
JUDE,CRUISE,LISA,MONROE,"ARABIA DOGMA"
SEAN,WILLIAMS,BURT,POSEY,"ARABIA DOGMA"
SEAN,WILLIAMS,WALTER,TORN,"ARABIA DOGMA"
SEAN,WILLIAMS,RUSSELL,BACALL,"ARABIA DOGMA"
SEAN,WILLIAMS,FRANCES,TOMEI,"ARABIA DOGMA"
SEAN,WILLIAMS,GRETA,MALDEN,"ARABIA DOGMA"
SEAN,WILLIAMS,LISA,MONROE,"ARABIA DOGMA"
BURT,POSEY,WALTER,TORN,"ARABIA DOGMA"
BURT,POSEY,RUSSELL,BACALL,"ARABIA DOGMA"
BURT,POSEY,FRANCES,TOMEI,"ARABIA DOGMA"
BURT,POSEY,GRETA,MALDEN,"ARABIA DOGMA"
BURT,POSEY,LISA,MONROE,"ARABIA DOGMA"
WALTER,TORN,RUSSELL,BACALL,"ARABIA DOGMA"
WALTER,TORN,FRANCES,TOMEI,"ARABIA DOGMA"
WALTER,TORN,GRETA,MALDEN,"ARABIA DOGMA"
WALTER,TORN,LISA,MONROE,"ARABIA DOGMA"
RUSSELL,BACALL,FRANCES,TOMEI,"ARABIA DOGMA"
RUSSELL,BACALL,GRETA,MALDEN,"ARABIA DOGMA"
RUSSELL,BACALL,LISA,MONROE,"ARABIA DOGMA"
FRANCES,TOMEI,GRETA,MALDEN,"ARABIA DOGMA"
FRANCES,TOMEI,LISA,MONROE,"ARABIA DOGMA"
GRETA,MALDEN,LISA,MONROE,"ARABIA DOGMA"
GRACE,MOSTEL,JUDY,DEAN,"ARACHNOPHOBIA ROLLERCOASTER"
GRACE,MOSTEL,DARYL,WAHLBERG,"ARACHNOPHOBIA ROLLERCOASTER"
GRACE,MOSTEL,MORGAN,HOPKINS,"ARACHNOPHOBIA ROLLERCOASTER"
GRACE,MOSTEL,CUBA,ALLEN,"ARACHNOPHOBIA ROLLERCOASTER"
GRACE,MOSTEL,RITA,REYNOLDS,"ARACHNOPHOBIA ROLLERCOASTER"
GRACE,MOSTEL,EWAN,GOODING,"ARACHNOPHOBIA ROLLERCOASTER"
GRACE,MOSTEL,HUMPHREY,GARLAND,"ARACHNOPHOBIA ROLLERCOASTER"
JUDY,DEAN,DARYL,WAHLBERG,"ARACHNOPHOBIA ROLLERCOASTER"
JUDY,DEAN,MORGAN,HOPKINS,"ARACHNOPHOBIA ROLLERCOASTER"
JUDY,DEAN,CUBA,ALLEN,"ARACHNOPHOBIA ROLLERCOASTER"
JUDY,DEAN,RITA,REYNOLDS,"ARACHNOPHOBIA ROLLERCOASTER"
JUDY,DEAN,EWAN,GOODING,"ARACHNOPHOBIA ROLLERCOASTER"
JUDY,DEAN,HUMPHREY,GARLAND,"ARACHNOPHOBIA ROLLERCOASTER"
DARYL,WAHLBERG,MORGAN,HOPKINS,"ARACHNOPHOBIA ROLLERCOASTER"
DARYL,WAHLBERG,CUBA,ALLEN,"ARACHNOPHOBIA ROLLERCOASTER"
DARYL,WAHLBERG,RITA,REYNOLDS,"ARACHNOPHOBIA ROLLERCOASTER"
DARYL,WAHLBERG,EWAN,GOODING,"ARACHNOPHOBIA ROLLERCOASTER"
DARYL,WAHLBERG,HUMPHREY,GARLAND,"ARACHNOPHOBIA ROLLERCOASTER"
MORGAN,HOPKINS,CUBA,ALLEN,"ARACHNOPHOBIA ROLLERCOASTER"
MORGAN,HOPKINS,RITA,REYNOLDS,"ARACHNOPHOBIA ROLLERCOASTER"
MORGAN,HOPKINS,EWAN,GOODING,"ARACHNOPHOBIA ROLLERCOASTER"
MORGAN,HOPKINS,HUMPHREY,GARLAND,"ARACHNOPHOBIA ROLLERCOASTER"
CUBA,ALLEN,RITA,REYNOLDS,"ARACHNOPHOBIA ROLLERCOASTER"
CUBA,ALLEN,EWAN,GOODING,"ARACHNOPHOBIA ROLLERCOASTER"
CUBA,ALLEN,HUMPHREY,GARLAND,"ARACHNOPHOBIA ROLLERCOASTER"
RITA,REYNOLDS,EWAN,GOODING,"ARACHNOPHOBIA ROLLERCOASTER"
RITA,REYNOLDS,HUMPHREY,GARLAND,"ARACHNOPHOBIA ROLLERCOASTER"
EWAN,GOODING,HUMPHREY,GARLAND,"ARACHNOPHOBIA ROLLERCOASTER"
JULIA,BARRYMORE,GARY,PENN,"ARGONAUTS TOWN"
JULIA,BARRYMORE,GENE,WILLIS,"ARGONAUTS TOWN"
JULIA,BARRYMORE,DAN,STREEP,"ARGONAUTS TOWN"
JULIA,BARRYMORE,KEVIN,GARLAND,"ARGONAUTS TOWN"
GARY,PENN,GENE,WILLIS,"ARGONAUTS TOWN"
GARY,PENN,DAN,STREEP,"ARGONAUTS TOWN"
GARY,PENN,KEVIN,GARLAND,"ARGONAUTS TOWN"
GENE,WILLIS,DAN,STREEP,"ARGONAUTS TOWN"
GENE,WILLIS,KEVIN,GARLAND,"ARGONAUTS TOWN"
DAN,STREEP,KEVIN,GARLAND,"ARGONAUTS TOWN"
KARL,BERRY,RAY,JOHANSSON,"ARIZONA BANG"
KARL,BERRY,RUSSELL,BACALL,"ARIZONA BANG"
KARL,BERRY,GRETA,KEITEL,"ARIZONA BANG"
RAY,JOHANSSON,RUSSELL,BACALL,"ARIZONA BANG"
RAY,JOHANSSON,GRETA,KEITEL,"ARIZONA BANG"
RUSSELL,BACALL,GRETA,KEITEL,"ARIZONA BANG"
PARKER,GOLDBERG,NICK,DEGENERES,"ARK RIDGEMONT"
PARKER,GOLDBERG,AUDREY,BAILEY,"ARK RIDGEMONT"
NICK,DEGENERES,AUDREY,BAILEY,"ARK RIDGEMONT"
ANGELA,HUDSON,JAMES,PITT,"ARMAGEDDON LOST"
ANGELA,HUDSON,PENELOPE,CRONYN,"ARMAGEDDON LOST"
ANGELA,HUDSON,CUBA,ALLEN,"ARMAGEDDON LOST"
ANGELA,HUDSON,KIM,ALLEN,"ARMAGEDDON LOST"
ANGELA,HUDSON,GENE,MCKELLEN,"ARMAGEDDON LOST"
ANGELA,HUDSON,GREGORY,GOODING,"ARMAGEDDON LOST"
JAMES,PITT,PENELOPE,CRONYN,"ARMAGEDDON LOST"
JAMES,PITT,CUBA,ALLEN,"ARMAGEDDON LOST"
JAMES,PITT,KIM,ALLEN,"ARMAGEDDON LOST"
JAMES,PITT,GENE,MCKELLEN,"ARMAGEDDON LOST"
JAMES,PITT,GREGORY,GOODING,"ARMAGEDDON LOST"
PENELOPE,CRONYN,CUBA,ALLEN,"ARMAGEDDON LOST"
PENELOPE,CRONYN,KIM,ALLEN,"ARMAGEDDON LOST"
PENELOPE,CRONYN,GENE,MCKELLEN,"ARMAGEDDON LOST"
PENELOPE,CRONYN,GREGORY,GOODING,"ARMAGEDDON LOST"
CUBA,ALLEN,KIM,ALLEN,"ARMAGEDDON LOST"
CUBA,ALLEN,GENE,MCKELLEN,"ARMAGEDDON LOST"
CUBA,ALLEN,GREGORY,GOODING,"ARMAGEDDON LOST"
KIM,ALLEN,GENE,MCKELLEN,"ARMAGEDDON LOST"
KIM,ALLEN,GREGORY,GOODING,"ARMAGEDDON LOST"
GENE,MCKELLEN,GREGORY,GOODING,"ARMAGEDDON LOST"
ED,CHASE,CARY,MCCONAUGHEY,"ARMY FLINTSTONES"
ED,CHASE,MAE,HOFFMAN,"ARMY FLINTSTONES"
ED,CHASE,GENE,WILLIS,"ARMY FLINTSTONES"
ED,CHASE,PENELOPE,CRONYN,"ARMY FLINTSTONES"
ED,CHASE,MATTHEW,CARREY,"ARMY FLINTSTONES"
ED,CHASE,RUSSELL,CLOSE,"ARMY FLINTSTONES"
CARY,MCCONAUGHEY,MAE,HOFFMAN,"ARMY FLINTSTONES"
CARY,MCCONAUGHEY,GENE,WILLIS,"ARMY FLINTSTONES"
CARY,MCCONAUGHEY,PENELOPE,CRONYN,"ARMY FLINTSTONES"
CARY,MCCONAUGHEY,MATTHEW,CARREY,"ARMY FLINTSTONES"
CARY,MCCONAUGHEY,RUSSELL,CLOSE,"ARMY FLINTSTONES"
MAE,HOFFMAN,GENE,WILLIS,"ARMY FLINTSTONES"
MAE,HOFFMAN,PENELOPE,CRONYN,"ARMY FLINTSTONES"
MAE,HOFFMAN,MATTHEW,CARREY,"ARMY FLINTSTONES"
MAE,HOFFMAN,RUSSELL,CLOSE,"ARMY FLINTSTONES"
GENE,WILLIS,PENELOPE,CRONYN,"ARMY FLINTSTONES"
GENE,WILLIS,MATTHEW,CARREY,"ARMY FLINTSTONES"
GENE,WILLIS,RUSSELL,CLOSE,"ARMY FLINTSTONES"
PENELOPE,CRONYN,MATTHEW,CARREY,"ARMY FLINTSTONES"
PENELOPE,CRONYN,RUSSELL,CLOSE,"ARMY FLINTSTONES"
MATTHEW,CARREY,RUSSELL,CLOSE,"ARMY FLINTSTONES"
CUBA,ALLEN,RITA,REYNOLDS,"ARSENIC INDEPENDENCE"
CUBA,ALLEN,OPRAH,KILMER,"ARSENIC INDEPENDENCE"
RITA,REYNOLDS,OPRAH,KILMER,"ARSENIC INDEPENDENCE"
ED,CHASE,SANDRA,KILMER,"ARTIST COLDBLOODED"
ED,CHASE,KIRK,JOVOVICH,"ARTIST COLDBLOODED"
ED,CHASE,JAYNE,NEESON,"ARTIST COLDBLOODED"
ED,CHASE,SIDNEY,CROWE,"ARTIST COLDBLOODED"
ED,CHASE,RENEE,TRACY,"ARTIST COLDBLOODED"
ED,CHASE,MERYL,ALLEN,"ARTIST COLDBLOODED"
SANDRA,KILMER,KIRK,JOVOVICH,"ARTIST COLDBLOODED"
SANDRA,KILMER,JAYNE,NEESON,"ARTIST COLDBLOODED"
SANDRA,KILMER,SIDNEY,CROWE,"ARTIST COLDBLOODED"
SANDRA,KILMER,RENEE,TRACY,"ARTIST COLDBLOODED"
SANDRA,KILMER,MERYL,ALLEN,"ARTIST COLDBLOODED"
KIRK,JOVOVICH,JAYNE,NEESON,"ARTIST COLDBLOODED"
KIRK,JOVOVICH,SIDNEY,CROWE,"ARTIST COLDBLOODED"
KIRK,JOVOVICH,RENEE,TRACY,"ARTIST COLDBLOODED"
KIRK,JOVOVICH,MERYL,ALLEN,"ARTIST COLDBLOODED"
JAYNE,NEESON,SIDNEY,CROWE,"ARTIST COLDBLOODED"
JAYNE,NEESON,RENEE,TRACY,"ARTIST COLDBLOODED"
JAYNE,NEESON,MERYL,ALLEN,"ARTIST COLDBLOODED"
SIDNEY,CROWE,RENEE,TRACY,"ARTIST COLDBLOODED"
SIDNEY,CROWE,MERYL,ALLEN,"ARTIST COLDBLOODED"
RENEE,TRACY,MERYL,ALLEN,"ARTIST COLDBLOODED"
WOODY,HOFFMAN,AUDREY,OLIVIER,"ATLANTIS CAUSE"
WOODY,HOFFMAN,JULIANNE,DENCH,"ATLANTIS CAUSE"
WOODY,HOFFMAN,FRANCES,TOMEI,"ATLANTIS CAUSE"
WOODY,HOFFMAN,GRETA,KEITEL,"ATLANTIS CAUSE"
WOODY,HOFFMAN,CATE,HARRIS,"ATLANTIS CAUSE"
WOODY,HOFFMAN,CHRIS,DEPP,"ATLANTIS CAUSE"
WOODY,HOFFMAN,HARVEY,HOPE,"ATLANTIS CAUSE"
WOODY,HOFFMAN,CUBA,BIRCH,"ATLANTIS CAUSE"
AUDREY,OLIVIER,JULIANNE,DENCH,"ATLANTIS CAUSE"
AUDREY,OLIVIER,FRANCES,TOMEI,"ATLANTIS CAUSE"
AUDREY,OLIVIER,GRETA,KEITEL,"ATLANTIS CAUSE"
AUDREY,OLIVIER,CATE,HARRIS,"ATLANTIS CAUSE"
AUDREY,OLIVIER,CHRIS,DEPP,"ATLANTIS CAUSE"
AUDREY,OLIVIER,HARVEY,HOPE,"ATLANTIS CAUSE"
AUDREY,OLIVIER,CUBA,BIRCH,"ATLANTIS CAUSE"
JULIANNE,DENCH,FRANCES,TOMEI,"ATLANTIS CAUSE"
JULIANNE,DENCH,GRETA,KEITEL,"ATLANTIS CAUSE"
JULIANNE,DENCH,CATE,HARRIS,"ATLANTIS CAUSE"
JULIANNE,DENCH,CHRIS,DEPP,"ATLANTIS CAUSE"
JULIANNE,DENCH,HARVEY,HOPE,"ATLANTIS CAUSE"
JULIANNE,DENCH,CUBA,BIRCH,"ATLANTIS CAUSE"
FRANCES,TOMEI,GRETA,KEITEL,"ATLANTIS CAUSE"
FRANCES,TOMEI,CATE,HARRIS,"ATLANTIS CAUSE"
FRANCES,TOMEI,CHRIS,DEPP,"ATLANTIS CAUSE"
FRANCES,TOMEI,HARVEY,HOPE,"ATLANTIS CAUSE"
FRANCES,TOMEI,CUBA,BIRCH,"ATLANTIS CAUSE"
GRETA,KEITEL,CATE,HARRIS,"ATLANTIS CAUSE"
GRETA,KEITEL,CHRIS,DEPP,"ATLANTIS CAUSE"
GRETA,KEITEL,HARVEY,HOPE,"ATLANTIS CAUSE"
GRETA,KEITEL,CUBA,BIRCH,"ATLANTIS CAUSE"
CATE,HARRIS,CHRIS,DEPP,"ATLANTIS CAUSE"
CATE,HARRIS,HARVEY,HOPE,"ATLANTIS CAUSE"
CATE,HARRIS,CUBA,BIRCH,"ATLANTIS CAUSE"
CHRIS,DEPP,HARVEY,HOPE,"ATLANTIS CAUSE"
CHRIS,DEPP,CUBA,BIRCH,"ATLANTIS CAUSE"
HARVEY,HOPE,CUBA,BIRCH,"ATLANTIS CAUSE"
DAN,TORN,MILLA,KEITEL,"ATTACKS HATE"
DAN,TORN,GROUCHO,DUNST,"ATTACKS HATE"
DAN,TORN,BURT,TEMPLE,"ATTACKS HATE"
MILLA,KEITEL,GROUCHO,DUNST,"ATTACKS HATE"
MILLA,KEITEL,BURT,TEMPLE,"ATTACKS HATE"
GROUCHO,DUNST,BURT,TEMPLE,"ATTACKS HATE"
UMA,WOOD,RIP,WINSLET,"ATTRACTION NEWTON"
UMA,WOOD,GARY,PENN,"ATTRACTION NEWTON"
UMA,WOOD,CHRISTOPHER,WEST,"ATTRACTION NEWTON"
RIP,WINSLET,GARY,PENN,"ATTRACTION NEWTON"
RIP,WINSLET,CHRISTOPHER,WEST,"ATTRACTION NEWTON"
GARY,PENN,CHRISTOPHER,WEST,"ATTRACTION NEWTON"
DUSTIN,TAUTOU,ANGELA,HUDSON,"AUTUMN CROW"
DUSTIN,TAUTOU,JAMES,PITT,"AUTUMN CROW"
ANGELA,HUDSON,JAMES,PITT,"AUTUMN CROW"
NICK,WAHLBERG,MATTHEW,JOHANSSON,"BABY HALL"
NICK,WAHLBERG,CHARLIZE,DENCH,"BABY HALL"
NICK,WAHLBERG,DARYL,WAHLBERG,"BABY HALL"
NICK,WAHLBERG,KEVIN,GARLAND,"BABY HALL"
NICK,WAHLBERG,RIVER,DEAN,"BABY HALL"
NICK,WAHLBERG,MINNIE,KILMER,"BABY HALL"
NICK,WAHLBERG,VIVIEN,BASINGER,"BABY HALL"
MATTHEW,JOHANSSON,CHARLIZE,DENCH,"BABY HALL"
MATTHEW,JOHANSSON,DARYL,WAHLBERG,"BABY HALL"
MATTHEW,JOHANSSON,KEVIN,GARLAND,"BABY HALL"
MATTHEW,JOHANSSON,RIVER,DEAN,"BABY HALL"
MATTHEW,JOHANSSON,MINNIE,KILMER,"BABY HALL"
MATTHEW,JOHANSSON,VIVIEN,BASINGER,"BABY HALL"
CHARLIZE,DENCH,DARYL,WAHLBERG,"BABY HALL"
CHARLIZE,DENCH,KEVIN,GARLAND,"BABY HALL"
CHARLIZE,DENCH,RIVER,DEAN,"BABY HALL"
CHARLIZE,DENCH,MINNIE,KILMER,"BABY HALL"
CHARLIZE,DENCH,VIVIEN,BASINGER,"BABY HALL"
DARYL,WAHLBERG,KEVIN,GARLAND,"BABY HALL"
DARYL,WAHLBERG,RIVER,DEAN,"BABY HALL"
DARYL,WAHLBERG,MINNIE,KILMER,"BABY HALL"
DARYL,WAHLBERG,VIVIEN,BASINGER,"BABY HALL"
KEVIN,GARLAND,RIVER,DEAN,"BABY HALL"
KEVIN,GARLAND,MINNIE,KILMER,"BABY HALL"
KEVIN,GARLAND,VIVIEN,BASINGER,"BABY HALL"
RIVER,DEAN,MINNIE,KILMER,"BABY HALL"
RIVER,DEAN,VIVIEN,BASINGER,"BABY HALL"
MINNIE,KILMER,VIVIEN,BASINGER,"BABY HALL"
CHRISTIAN,AKROYD,SPENCER,PECK,"BACKLASH UNDEFEATED"
CHRISTIAN,AKROYD,CHRISTOPHER,BERRY,"BACKLASH UNDEFEATED"
CHRISTIAN,AKROYD,SYLVESTER,DERN,"BACKLASH UNDEFEATED"
CHRISTIAN,AKROYD,DAN,STREEP,"BACKLASH UNDEFEATED"
CHRISTIAN,AKROYD,KEVIN,GARLAND,"BACKLASH UNDEFEATED"
CHRISTIAN,AKROYD,JANE,JACKMAN,"BACKLASH UNDEFEATED"
SPENCER,PECK,CHRISTOPHER,BERRY,"BACKLASH UNDEFEATED"
SPENCER,PECK,SYLVESTER,DERN,"BACKLASH UNDEFEATED"
SPENCER,PECK,DAN,STREEP,"BACKLASH UNDEFEATED"
SPENCER,PECK,KEVIN,GARLAND,"BACKLASH UNDEFEATED"
SPENCER,PECK,JANE,JACKMAN,"BACKLASH UNDEFEATED"
CHRISTOPHER,BERRY,SYLVESTER,DERN,"BACKLASH UNDEFEATED"
CHRISTOPHER,BERRY,DAN,STREEP,"BACKLASH UNDEFEATED"
CHRISTOPHER,BERRY,KEVIN,GARLAND,"BACKLASH UNDEFEATED"
CHRISTOPHER,BERRY,JANE,JACKMAN,"BACKLASH UNDEFEATED"
SYLVESTER,DERN,DAN,STREEP,"BACKLASH UNDEFEATED"
SYLVESTER,DERN,KEVIN,GARLAND,"BACKLASH UNDEFEATED"
SYLVESTER,DERN,JANE,JACKMAN,"BACKLASH UNDEFEATED"
DAN,STREEP,KEVIN,GARLAND,"BACKLASH UNDEFEATED"
DAN,STREEP,JANE,JACKMAN,"BACKLASH UNDEFEATED"
KEVIN,GARLAND,JANE,JACKMAN,"BACKLASH UNDEFEATED"
BEN,WILLIS,HARRISON,BALE,"BADMAN DAWN"
BEN,WILLIS,CUBA,ALLEN,"BADMAN DAWN"
BEN,WILLIS,WARREN,JACKMAN,"BADMAN DAWN"
BEN,WILLIS,GRETA,KEITEL,"BADMAN DAWN"
BEN,WILLIS,OLYMPIA,PFEIFFER,"BADMAN DAWN"
BEN,WILLIS,ALAN,DREYFUSS,"BADMAN DAWN"
BEN,WILLIS,THORA,TEMPLE,"BADMAN DAWN"
HARRISON,BALE,CUBA,ALLEN,"BADMAN DAWN"
HARRISON,BALE,WARREN,JACKMAN,"BADMAN DAWN"
HARRISON,BALE,GRETA,KEITEL,"BADMAN DAWN"
HARRISON,BALE,OLYMPIA,PFEIFFER,"BADMAN DAWN"
HARRISON,BALE,ALAN,DREYFUSS,"BADMAN DAWN"
HARRISON,BALE,THORA,TEMPLE,"BADMAN DAWN"
CUBA,ALLEN,WARREN,JACKMAN,"BADMAN DAWN"
CUBA,ALLEN,GRETA,KEITEL,"BADMAN DAWN"
CUBA,ALLEN,OLYMPIA,PFEIFFER,"BADMAN DAWN"
CUBA,ALLEN,ALAN,DREYFUSS,"BADMAN DAWN"
CUBA,ALLEN,THORA,TEMPLE,"BADMAN DAWN"
WARREN,JACKMAN,GRETA,KEITEL,"BADMAN DAWN"
WARREN,JACKMAN,OLYMPIA,PFEIFFER,"BADMAN DAWN"
WARREN,JACKMAN,ALAN,DREYFUSS,"BADMAN DAWN"
WARREN,JACKMAN,THORA,TEMPLE,"BADMAN DAWN"
GRETA,KEITEL,OLYMPIA,PFEIFFER,"BADMAN DAWN"
GRETA,KEITEL,ALAN,DREYFUSS,"BADMAN DAWN"
GRETA,KEITEL,THORA,TEMPLE,"BADMAN DAWN"
OLYMPIA,PFEIFFER,ALAN,DREYFUSS,"BADMAN DAWN"
OLYMPIA,PFEIFFER,THORA,TEMPLE,"BADMAN DAWN"
ALAN,DREYFUSS,THORA,TEMPLE,"BADMAN DAWN"
PARKER,GOLDBERG,MENA,TEMPLE,"BALLOON HOMEWARD"
PARKER,GOLDBERG,GARY,PENN,"BALLOON HOMEWARD"
PARKER,GOLDBERG,RICHARD,PENN,"BALLOON HOMEWARD"
PARKER,GOLDBERG,RENEE,BALL,"BALLOON HOMEWARD"
PARKER,GOLDBERG,ROCK,DUKAKIS,"BALLOON HOMEWARD"
MENA,TEMPLE,GARY,PENN,"BALLOON HOMEWARD"
MENA,TEMPLE,RICHARD,PENN,"BALLOON HOMEWARD"
MENA,TEMPLE,RENEE,BALL,"BALLOON HOMEWARD"
MENA,TEMPLE,ROCK,DUKAKIS,"BALLOON HOMEWARD"
GARY,PENN,RICHARD,PENN,"BALLOON HOMEWARD"
GARY,PENN,RENEE,BALL,"BALLOON HOMEWARD"
GARY,PENN,ROCK,DUKAKIS,"BALLOON HOMEWARD"
RICHARD,PENN,RENEE,BALL,"BALLOON HOMEWARD"
RICHARD,PENN,ROCK,DUKAKIS,"BALLOON HOMEWARD"
RENEE,BALL,ROCK,DUKAKIS,"BALLOON HOMEWARD"
JUDY,DEAN,ADAM,GRANT,"BALLROOM MOCKINGBIRD"
JUDY,DEAN,BEN,WILLIS,"BALLROOM MOCKINGBIRD"
JUDY,DEAN,DARYL,WAHLBERG,"BALLROOM MOCKINGBIRD"
JUDY,DEAN,HARRISON,BALE,"BALLROOM MOCKINGBIRD"
JUDY,DEAN,LUCILLE,DEE,"BALLROOM MOCKINGBIRD"
JUDY,DEAN,GENE,MCKELLEN,"BALLROOM MOCKINGBIRD"
ADAM,GRANT,BEN,WILLIS,"BALLROOM MOCKINGBIRD"
ADAM,GRANT,DARYL,WAHLBERG,"BALLROOM MOCKINGBIRD"
ADAM,GRANT,HARRISON,BALE,"BALLROOM MOCKINGBIRD"
ADAM,GRANT,LUCILLE,DEE,"BALLROOM MOCKINGBIRD"
ADAM,GRANT,GENE,MCKELLEN,"BALLROOM MOCKINGBIRD"
BEN,WILLIS,DARYL,WAHLBERG,"BALLROOM MOCKINGBIRD"
BEN,WILLIS,HARRISON,BALE,"BALLROOM MOCKINGBIRD"
BEN,WILLIS,LUCILLE,DEE,"BALLROOM MOCKINGBIRD"
BEN,WILLIS,GENE,MCKELLEN,"BALLROOM MOCKINGBIRD"
DARYL,WAHLBERG,HARRISON,BALE,"BALLROOM MOCKINGBIRD"
DARYL,WAHLBERG,LUCILLE,DEE,"BALLROOM MOCKINGBIRD"
DARYL,WAHLBERG,GENE,MCKELLEN,"BALLROOM MOCKINGBIRD"
HARRISON,BALE,LUCILLE,DEE,"BALLROOM MOCKINGBIRD"
HARRISON,BALE,GENE,MCKELLEN,"BALLROOM MOCKINGBIRD"
LUCILLE,DEE,GENE,MCKELLEN,"BALLROOM MOCKINGBIRD"
BETTE,NICHOLSON,SANDRA,PECK,"BANG KWAI"
BETTE,NICHOLSON,JULIA,BARRYMORE,"BANG KWAI"
BETTE,NICHOLSON,MICHELLE,MCCONAUGHEY,"BANG KWAI"
BETTE,NICHOLSON,WALTER,TORN,"BANG KWAI"
BETTE,NICHOLSON,RUSSELL,TEMPLE,"BANG KWAI"
BETTE,NICHOLSON,FAY,WOOD,"BANG KWAI"
SANDRA,PECK,JULIA,BARRYMORE,"BANG KWAI"
SANDRA,PECK,MICHELLE,MCCONAUGHEY,"BANG KWAI"
SANDRA,PECK,WALTER,TORN,"BANG KWAI"
SANDRA,PECK,RUSSELL,TEMPLE,"BANG KWAI"
SANDRA,PECK,FAY,WOOD,"BANG KWAI"
JULIA,BARRYMORE,MICHELLE,MCCONAUGHEY,"BANG KWAI"
JULIA,BARRYMORE,WALTER,TORN,"BANG KWAI"
JULIA,BARRYMORE,RUSSELL,TEMPLE,"BANG KWAI"
JULIA,BARRYMORE,FAY,WOOD,"BANG KWAI"
MICHELLE,MCCONAUGHEY,WALTER,TORN,"BANG KWAI"
MICHELLE,MCCONAUGHEY,RUSSELL,TEMPLE,"BANG KWAI"
MICHELLE,MCCONAUGHEY,FAY,WOOD,"BANG KWAI"
WALTER,TORN,RUSSELL,TEMPLE,"BANG KWAI"
WALTER,TORN,FAY,WOOD,"BANG KWAI"
RUSSELL,TEMPLE,FAY,WOOD,"BANG KWAI"
JOHNNY,LOLLOBRIGIDA,LUCILLE,TRACY,"BANGER PINOCCHIO"
JOHNNY,LOLLOBRIGIDA,DUSTIN,TAUTOU,"BANGER PINOCCHIO"
JOHNNY,LOLLOBRIGIDA,JAYNE,NEESON,"BANGER PINOCCHIO"
JOHNNY,LOLLOBRIGIDA,GENE,WILLIS,"BANGER PINOCCHIO"
JOHNNY,LOLLOBRIGIDA,AUDREY,BAILEY,"BANGER PINOCCHIO"
LUCILLE,TRACY,DUSTIN,TAUTOU,"BANGER PINOCCHIO"
LUCILLE,TRACY,JAYNE,NEESON,"BANGER PINOCCHIO"
LUCILLE,TRACY,GENE,WILLIS,"BANGER PINOCCHIO"
LUCILLE,TRACY,AUDREY,BAILEY,"BANGER PINOCCHIO"
DUSTIN,TAUTOU,JAYNE,NEESON,"BANGER PINOCCHIO"
DUSTIN,TAUTOU,GENE,WILLIS,"BANGER PINOCCHIO"
DUSTIN,TAUTOU,AUDREY,BAILEY,"BANGER PINOCCHIO"
JAYNE,NEESON,GENE,WILLIS,"BANGER PINOCCHIO"
JAYNE,NEESON,AUDREY,BAILEY,"BANGER PINOCCHIO"
GENE,WILLIS,AUDREY,BAILEY,"BANGER PINOCCHIO"
MARY,TANDY,CUBA,ALLEN,"BARBARELLA STREETCAR"
MARY,TANDY,NICK,DEGENERES,"BARBARELLA STREETCAR"
MARY,TANDY,ALAN,DREYFUSS,"BARBARELLA STREETCAR"
MARY,TANDY,GENE,MCKELLEN,"BARBARELLA STREETCAR"
CUBA,ALLEN,NICK,DEGENERES,"BARBARELLA STREETCAR"
CUBA,ALLEN,ALAN,DREYFUSS,"BARBARELLA STREETCAR"
CUBA,ALLEN,GENE,MCKELLEN,"BARBARELLA STREETCAR"
NICK,DEGENERES,ALAN,DREYFUSS,"BARBARELLA STREETCAR"
NICK,DEGENERES,GENE,MCKELLEN,"BARBARELLA STREETCAR"
ALAN,DREYFUSS,GENE,MCKELLEN,"BARBARELLA STREETCAR"
JENNIFER,DAVIS,ELVIS,MARX,"BAREFOOT MANCHURIAN"
JENNIFER,DAVIS,MILLA,PECK,"BAREFOOT MANCHURIAN"
JENNIFER,DAVIS,KIRK,JOVOVICH,"BAREFOOT MANCHURIAN"
JENNIFER,DAVIS,DARYL,CRAWFORD,"BAREFOOT MANCHURIAN"
JENNIFER,DAVIS,ED,MANSFIELD,"BAREFOOT MANCHURIAN"
JENNIFER,DAVIS,MORGAN,WILLIAMS,"BAREFOOT MANCHURIAN"
JENNIFER,DAVIS,WILL,WILSON,"BAREFOOT MANCHURIAN"
ELVIS,MARX,MILLA,PECK,"BAREFOOT MANCHURIAN"
ELVIS,MARX,KIRK,JOVOVICH,"BAREFOOT MANCHURIAN"
ELVIS,MARX,DARYL,CRAWFORD,"BAREFOOT MANCHURIAN"
ELVIS,MARX,ED,MANSFIELD,"BAREFOOT MANCHURIAN"
ELVIS,MARX,MORGAN,WILLIAMS,"BAREFOOT MANCHURIAN"
ELVIS,MARX,WILL,WILSON,"BAREFOOT MANCHURIAN"
MILLA,PECK,KIRK,JOVOVICH,"BAREFOOT MANCHURIAN"
MILLA,PECK,DARYL,CRAWFORD,"BAREFOOT MANCHURIAN"
MILLA,PECK,ED,MANSFIELD,"BAREFOOT MANCHURIAN"
MILLA,PECK,MORGAN,WILLIAMS,"BAREFOOT MANCHURIAN"
MILLA,PECK,WILL,WILSON,"BAREFOOT MANCHURIAN"
KIRK,JOVOVICH,DARYL,CRAWFORD,"BAREFOOT MANCHURIAN"
KIRK,JOVOVICH,ED,MANSFIELD,"BAREFOOT MANCHURIAN"
KIRK,JOVOVICH,MORGAN,WILLIAMS,"BAREFOOT MANCHURIAN"
KIRK,JOVOVICH,WILL,WILSON,"BAREFOOT MANCHURIAN"
DARYL,CRAWFORD,ED,MANSFIELD,"BAREFOOT MANCHURIAN"
DARYL,CRAWFORD,MORGAN,WILLIAMS,"BAREFOOT MANCHURIAN"
DARYL,CRAWFORD,WILL,WILSON,"BAREFOOT MANCHURIAN"
ED,MANSFIELD,MORGAN,WILLIAMS,"BAREFOOT MANCHURIAN"
ED,MANSFIELD,WILL,WILSON,"BAREFOOT MANCHURIAN"
MORGAN,WILLIAMS,WILL,WILSON,"BAREFOOT MANCHURIAN"
JESSICA,BAILEY,PENELOPE,MONROE,"BASIC EASY"
JESSICA,BAILEY,GRETA,KEITEL,"BASIC EASY"
JESSICA,BAILEY,EWAN,GOODING,"BASIC EASY"
JESSICA,BAILEY,EMILY,DEE,"BASIC EASY"
JESSICA,BAILEY,GROUCHO,WILLIAMS,"BASIC EASY"
PENELOPE,MONROE,GRETA,KEITEL,"BASIC EASY"
PENELOPE,MONROE,EWAN,GOODING,"BASIC EASY"
PENELOPE,MONROE,EMILY,DEE,"BASIC EASY"
PENELOPE,MONROE,GROUCHO,WILLIAMS,"BASIC EASY"
GRETA,KEITEL,EWAN,GOODING,"BASIC EASY"
GRETA,KEITEL,EMILY,DEE,"BASIC EASY"
GRETA,KEITEL,GROUCHO,WILLIAMS,"BASIC EASY"
EWAN,GOODING,EMILY,DEE,"BASIC EASY"
EWAN,GOODING,GROUCHO,WILLIAMS,"BASIC EASY"
EMILY,DEE,GROUCHO,WILLIAMS,"BASIC EASY"
WOODY,HOFFMAN,NICK,STALLONE,"BEACH HEARTBREAKERS"
WOODY,HOFFMAN,MENA,TEMPLE,"BEACH HEARTBREAKERS"
WOODY,HOFFMAN,BEN,WILLIS,"BEACH HEARTBREAKERS"
WOODY,HOFFMAN,GENE,WILLIS,"BEACH HEARTBREAKERS"
WOODY,HOFFMAN,FRANCES,TOMEI,"BEACH HEARTBREAKERS"
WOODY,HOFFMAN,HARVEY,HOPE,"BEACH HEARTBREAKERS"
NICK,STALLONE,MENA,TEMPLE,"BEACH HEARTBREAKERS"
NICK,STALLONE,BEN,WILLIS,"BEACH HEARTBREAKERS"
NICK,STALLONE,GENE,WILLIS,"BEACH HEARTBREAKERS"
NICK,STALLONE,FRANCES,TOMEI,"BEACH HEARTBREAKERS"
NICK,STALLONE,HARVEY,HOPE,"BEACH HEARTBREAKERS"
MENA,TEMPLE,BEN,WILLIS,"BEACH HEARTBREAKERS"
MENA,TEMPLE,GENE,WILLIS,"BEACH HEARTBREAKERS"
MENA,TEMPLE,FRANCES,TOMEI,"BEACH HEARTBREAKERS"
MENA,TEMPLE,HARVEY,HOPE,"BEACH HEARTBREAKERS"
BEN,WILLIS,GENE,WILLIS,"BEACH HEARTBREAKERS"
BEN,WILLIS,FRANCES,TOMEI,"BEACH HEARTBREAKERS"
BEN,WILLIS,HARVEY,HOPE,"BEACH HEARTBREAKERS"
GENE,WILLIS,FRANCES,TOMEI,"BEACH HEARTBREAKERS"
GENE,WILLIS,HARVEY,HOPE,"BEACH HEARTBREAKERS"
FRANCES,TOMEI,HARVEY,HOPE,"BEACH HEARTBREAKERS"
SCARLETT,DAMON,PENELOPE,CRONYN,"BEAR GRACELAND"
SCARLETT,DAMON,BEN,HARRIS,"BEAR GRACELAND"
PENELOPE,CRONYN,BEN,HARRIS,"BEAR GRACELAND"
BETTE,NICHOLSON,JODIE,DEGENERES,"BEAST HUNCHBACK"
BETTE,NICHOLSON,ANGELINA,ASTAIRE,"BEAST HUNCHBACK"
BETTE,NICHOLSON,KENNETH,TORN,"BEAST HUNCHBACK"
BETTE,NICHOLSON,SUSAN,DAVIS,"BEAST HUNCHBACK"
JODIE,DEGENERES,ANGELINA,ASTAIRE,"BEAST HUNCHBACK"
JODIE,DEGENERES,KENNETH,TORN,"BEAST HUNCHBACK"
JODIE,DEGENERES,SUSAN,DAVIS,"BEAST HUNCHBACK"
ANGELINA,ASTAIRE,KENNETH,TORN,"BEAST HUNCHBACK"
ANGELINA,ASTAIRE,SUSAN,DAVIS,"BEAST HUNCHBACK"
KENNETH,TORN,SUSAN,DAVIS,"BEAST HUNCHBACK"
CAMERON,ZELLWEGER,ED,MANSFIELD,"BEAUTY GREASE"
CAMERON,ZELLWEGER,LUCILLE,DEE,"BEAUTY GREASE"
CAMERON,ZELLWEGER,NICK,DEGENERES,"BEAUTY GREASE"
CAMERON,ZELLWEGER,MICHAEL,BENING,"BEAUTY GREASE"
ED,MANSFIELD,LUCILLE,DEE,"BEAUTY GREASE"
ED,MANSFIELD,NICK,DEGENERES,"BEAUTY GREASE"
ED,MANSFIELD,MICHAEL,BENING,"BEAUTY GREASE"
LUCILLE,DEE,NICK,DEGENERES,"BEAUTY GREASE"
LUCILLE,DEE,MICHAEL,BENING,"BEAUTY GREASE"
NICK,DEGENERES,MICHAEL,BENING,"BEAUTY GREASE"
JENNIFER,DAVIS,GINA,DEGENERES,"BED HIGHBALL"
JENNIFER,DAVIS,SUSAN,DAVIS,"BED HIGHBALL"
JENNIFER,DAVIS,ALBERT,NOLTE,"BED HIGHBALL"
JENNIFER,DAVIS,AUDREY,BAILEY,"BED HIGHBALL"
GINA,DEGENERES,SUSAN,DAVIS,"BED HIGHBALL"
GINA,DEGENERES,ALBERT,NOLTE,"BED HIGHBALL"
GINA,DEGENERES,AUDREY,BAILEY,"BED HIGHBALL"
SUSAN,DAVIS,ALBERT,NOLTE,"BED HIGHBALL"
SUSAN,DAVIS,AUDREY,BAILEY,"BED HIGHBALL"
ALBERT,NOLTE,AUDREY,BAILEY,"BED HIGHBALL"
LUCILLE,TRACY,GARY,PHOENIX,"BEDAZZLED MARRIED"
LUCILLE,TRACY,DAN,HARRIS,"BEDAZZLED MARRIED"
LUCILLE,TRACY,PENELOPE,MONROE,"BEDAZZLED MARRIED"
LUCILLE,TRACY,JAYNE,NOLTE,"BEDAZZLED MARRIED"
LUCILLE,TRACY,LAURENCE,BULLOCK,"BEDAZZLED MARRIED"
LUCILLE,TRACY,REESE,WEST,"BEDAZZLED MARRIED"
GARY,PHOENIX,DAN,HARRIS,"BEDAZZLED MARRIED"
GARY,PHOENIX,PENELOPE,MONROE,"BEDAZZLED MARRIED"
GARY,PHOENIX,JAYNE,NOLTE,"BEDAZZLED MARRIED"
GARY,PHOENIX,LAURENCE,BULLOCK,"BEDAZZLED MARRIED"
GARY,PHOENIX,REESE,WEST,"BEDAZZLED MARRIED"
DAN,HARRIS,PENELOPE,MONROE,"BEDAZZLED MARRIED"
DAN,HARRIS,JAYNE,NOLTE,"BEDAZZLED MARRIED"
DAN,HARRIS,LAURENCE,BULLOCK,"BEDAZZLED MARRIED"
DAN,HARRIS,REESE,WEST,"BEDAZZLED MARRIED"
PENELOPE,MONROE,JAYNE,NOLTE,"BEDAZZLED MARRIED"
PENELOPE,MONROE,LAURENCE,BULLOCK,"BEDAZZLED MARRIED"
PENELOPE,MONROE,REESE,WEST,"BEDAZZLED MARRIED"
JAYNE,NOLTE,LAURENCE,BULLOCK,"BEDAZZLED MARRIED"
JAYNE,NOLTE,REESE,WEST,"BEDAZZLED MARRIED"
